user_id,reliability_score,is_cold_start
u1,57.0,0
u10,75.7,0
u100,50.0,1
u101,50.0,1
u102,71.0,0
u103,50.0,1
u104,50.0,1
u105,50.0,1
u106,50.0,1
u107,50.0,1
u108,50.0,1
u109,50.0,1
u11,50.0,1
u110,50.0,1
u111,50.0,1
u112,50.0,1
u113,50.0,1
u114,50.0,1
u115,50.0,1
u116,77.2,0
u117,50.0,1
u118,50.0,1
u119,77.0,0
u12,50.0,1
u120,50.0,1
u121,50.0,1
u122,75.4,0
u123,50.0,1
u124,50.0,1
u125,64.8,0
u126,50.0,1
u127,81.6,0
u128,50.0,1
u129,50.0,1
u13,50.0,1
u130,50.0,1
u131,50.0,1
u132,50.0,1
u133,67.7,0
u134,61.0,0
u135,88.3,0
u136,64.8,0
u137,37.3,0
u138,36.0,0
u139,50.0,1
u14,74.1,0
u140,50.0,1
u141,58.0,0
u142,50.0,1
u143,50.0,1
u144,50.0,1
u145,50.0,1
u146,67.3,0
u147,50.0,1
u148,50.0,1
u149,50.0,1
u15,91.5,0
u150,50.0,1
u151,59.4,0
u152,50.0,1
u153,50.0,1
u154,50.0,1
u155,50.0,1
u156,50.0,1
u157,86.8,0
u158,50.0,1
u159,54.8,0
u16,43.1,0
u160,68.7,0
u161,50.0,1
u162,50.0,1
u163,50.0,1
u164,50.0,1
u165,50.0,1
u166,54.3,0
u167,50.0,1
u168,50.0,1
u169,50.0,1
u17,50.0,1
u170,50.0,1
u171,50.0,1
u172,45.2,0
u173,35.5,0
u174,50.0,1
u175,74.8,0
u176,50.0,1
u177,72.5,0
u178,50.0,1
u179,50.0,1
u18,63.2,0
u180,50.0,1
u181,50.0,1
u182,50.0,1
u183,50.0,1
u184,75.5,0
u185,50.0,1
u186,50.0,1
u187,50.0,1
u188,50.0,1
u189,78.5,0
u19,50.0,1
u190,36.3,0
u191,77.6,0
u192,50.0,1
u193,50.0,1
u194,50.0,1
u195,50.0,1
u196,50.0,1
u197,61.9,0
u198,70.9,0
u199,50.0,1
u2,50.0,1
u20,50.0,1
u200,50.0,1
u201,39.2,0
u202,50.0,1
u203,50.0,1
u204,50.0,1
u205,50.0,1
u206,50.0,1
u207,44.5,0
u208,50.0,1
u209,50.0,1
u21,50.0,1
u210,56.0,0
u211,50.0,1
u212,79.4,0
u213,50.0,1
u214,50.0,1
u215,83.5,0
u216,50.0,1
u217,50.0,1
u218,50.0,1
u219,50.0,1
u22,50.0,1
u220,50.0,1
u221,50.0,1
u222,50.0,1
u223,60.6,0
u224,50.0,1
u225,50.0,1
u226,50.0,1
u227,50.0,1
u228,50.0,1
u229,50.0,1
u23,50.0,1
u230,50.0,1
u231,50.0,1
u232,50.0,1
u233,55.2,0
u234,50.0,1
u235,50.0,1
u236,76.1,0
u237,63.0,0
u238,50.0,1
u239,50.0,1
u24,68.0,0
u240,50.0,1
u241,50.0,1
u242,50.0,1
u243,50.0,1
u244,50.0,1
u245,50.0,1
u246,64.2,0
u247,53.7,0
u248,50.0,1
u249,50.0,1
u25,50.0,1
u250,59.6,0
u251,50.0,1
u252,50.0,1
u253,46.1,0
u254,50.0,1
u255,50.0,1
u256,89.4,0
u257,50.0,1
u258,50.0,1
u259,50.0,1
u26,50.0,1
u260,50.0,1
u261,50.0,1
u262,91.5,0
u263,50.0,1
u264,41.2,0
u265,50.0,1
u266,50.0,1
u267,50.0,1
u268,67.5,0
u269,50.0,1
u27,71.5,0
u270,50.0,1
u271,50.0,1
u272,50.0,1
u273,60.4,0
u274,81.5,0
u275,50.0,1
u276,50.0,1
u277,50.0,1
u278,74.0,0
u279,50.0,1
u28,50.0,1
u280,50.0,1
u281,50.0,1
u282,42.4,0
u283,50.0,1
u284,50.0,1
u285,50.0,1
u286,50.0,1
u287,50.0,1
u288,50.0,1
u289,50.0,1
u29,41.5,0
u290,50.0,1
u291,77.1,0
u292,50.0,1
u293,50.0,1
u294,50.0,1
u295,50.0,1
u296,50.0,1
u297,50.0,1
u298,50.0,1
u299,50.0,1
u3,50.0,1
u30,50.0,1
u300,50.0,1
u31,50.0,1
u32,50.0,1
u33,50.0,1
u34,50.0,1
u35,50.0,1
u36,50.0,1
u37,50.0,1
u38,50.0,1
u39,50.0,1
u4,53.8,0
u40,55.6,0
u41,50.0,1
u42,50.0,1
u43,50.0,1
u44,79.1,0
u45,50.0,1
u46,50.0,1
u47,50.0,1
u48,50.0,1
u49,50.0,1
u5,60.5,0
u50,50.0,1
u51,84.8,0
u52,74.6,0
u53,50.0,1
u54,50.0,1
u55,84.1,0
u56,78.2,0
u57,70.7,0
u58,50.0,1
u59,50.0,1
u6,50.0,1
u60,50.0,1
u61,50.0,1
u62,58.2,0
u63,82.3,0
u64,50.0,1
u65,50.0,1
u66,68.2,0
u67,50.0,1
u68,51.9,0
u69,50.0,1
u7,50.0,1
u70,50.0,1
u71,50.0,1
u72,62.0,0
u73,50.0,1
u74,50.0,1
u75,50.0,1
u76,94.4,0
u77,50.0,1
u78,50.0,1
u79,50.0,1
u8,40.5,0
u80,50.0,1
u81,50.0,1
u82,50.0,1
u83,50.0,1
u84,50.0,1
u85,50.0,1
u86,50.0,1
u87,49.6,0
u88,50.0,1
u89,59.0,0
u9,50.0,1
u90,60.1,0
u91,50.0,1
u92,50.0,1
u93,50.0,1
u94,85.3,0
u95,50.0,1
u96,50.0,1
u97,50.0,1
u98,50.0,1
u99,50.0,1
