preference_id,user_id,skill_id,preference_type,created_at
p1,u1,s2,Preferred,2026-10-02 14:03:34
p100,u288,s42,Preferred,2026-10-02 16:55:15
p101,u281,s49,Preferred,2026-10-02 16:55:15
p102,u156,s2,Preferred,2026-10-02 16:55:15
p103,u82,s15,Preferred,2026-10-02 16:55:15
p104,u279,s19,Preferred,2026-10-02 16:55:15
p105,u47,s19,Preferred,2026-10-02 16:55:15
p106,u264,s45,Excluded,2026-10-02 16:55:15
p107,u118,s29,Acceptable,2026-10-02 16:55:15
p108,u196,s30,Preferred,2026-10-02 16:55:15
p109,u270,s43,Acceptable,2026-10-02 16:55:15
p11,u11,s12,Preferred,2026-10-02 14:33:12
p110,u277,s5,Preferred,2026-10-02 16:55:15
p111,u171,s14,Excluded,2026-10-02 16:55:15
p112,u47,s39,Preferred,2026-10-02 16:55:15
p113,u127,s19,Preferred,2026-10-02 16:55:15
p114,u171,s28,Preferred,2026-10-02 16:55:15
p115,u223,s14,Excluded,2026-10-02 16:55:15
p116,u138,s5,Preferred,2026-10-02 16:55:15
p117,u156,s48,Preferred,2026-10-02 16:55:15
p118,u207,s19,Acceptable,2026-10-02 16:55:15
p119,u68,s44,Excluded,2026-10-02 16:55:15
p120,u86,s5,Acceptable,2026-10-02 16:55:15
p121,u136,s12,Preferred,2026-10-02 16:55:15
p122,u84,s22,Preferred,2026-10-02 16:55:15
p123,u168,s8,Acceptable,2026-10-02 16:55:15
p124,u197,s50,Excluded,2026-10-02 16:55:15
p125,u134,s35,Excluded,2026-10-02 16:55:15
p126,u213,s37,Acceptable,2026-10-02 16:55:15
p127,u46,s42,Preferred,2026-10-02 16:55:15
p128,u237,s49,Excluded,2026-10-02 16:55:15
p129,u198,s41,Acceptable,2026-10-02 16:55:15
p13,u13,s14,Preferred,2026-10-02 14:33:12
p130,u175,s49,Acceptable,2026-10-02 16:55:15
p131,u261,s41,Acceptable,2026-10-02 16:55:15
p132,u259,s6,Preferred,2026-10-02 16:55:15
p133,u111,s19,Acceptable,2026-10-02 16:55:15
p134,u98,s50,Preferred,2026-10-02 16:55:15
p135,u229,s37,Preferred,2026-10-02 16:55:15
p136,u92,s49,Preferred,2026-10-02 16:55:15
p137,u107,s39,Preferred,2026-10-02 16:55:15
p138,u260,s7,Excluded,2026-10-02 16:55:15
p139,u145,s14,Preferred,2026-10-02 16:55:15
p140,u278,s47,Excluded,2026-10-02 16:55:15
p141,u122,s28,Acceptable,2026-10-02 16:55:15
p142,u49,s6,Preferred,2026-10-02 16:55:15
p143,u39,s31,Preferred,2026-10-02 16:55:15
p144,u87,s32,Preferred,2026-10-02 16:55:15
p145,u279,s2,Preferred,2026-10-02 16:55:15
p146,u165,s6,Preferred,2026-10-02 16:55:15
p147,u246,s47,Preferred,2026-10-02 16:55:15
p148,u231,s24,Preferred,2026-10-02 16:55:15
p149,u195,s35,Acceptable,2026-10-02 16:55:15
p15,u15,s16,Acceptable,2026-10-02 14:33:12
p150,u65,s17,Acceptable,2026-10-02 16:55:15
p151,u114,s24,Preferred,2026-10-02 16:55:15
p152,u137,s47,Acceptable,2026-10-02 16:55:15
p153,u228,s29,Acceptable,2026-10-02 16:55:15
p154,u83,s44,Preferred,2026-10-02 16:55:15
p155,u105,s28,Preferred,2026-10-02 16:55:15
p156,u268,s19,Preferred,2026-10-02 16:55:15
p157,u279,s1,Excluded,2026-10-02 16:55:15
p158,u134,s39,Preferred,2026-10-02 16:55:15
p159,u242,s38,Preferred,2026-10-02 16:55:15
p160,u88,s7,Excluded,2026-10-02 16:55:15
p161,u126,s20,Acceptable,2026-10-02 16:55:15
p162,u142,s28,Preferred,2026-10-02 16:55:15
p163,u58,s21,Acceptable,2026-10-02 16:55:15
p164,u145,s29,Preferred,2026-10-02 16:55:15
p165,u274,s30,Acceptable,2026-10-02 16:55:15
p166,u160,s38,Acceptable,2026-10-02 16:55:15
p167,u65,s29,Excluded,2026-10-02 16:55:15
p168,u238,s4,Preferred,2026-10-02 16:55:15
p169,u234,s34,Excluded,2026-10-02 16:55:15
p17,u17,s18,Preferred,2026-10-02 14:33:12
p170,u92,s38,Preferred,2026-10-02 16:55:15
p171,u147,s34,Preferred,2026-10-02 16:55:15
p172,u63,s33,Excluded,2026-10-02 16:55:15
p173,u194,s48,Preferred,2026-10-02 16:55:15
p174,u47,s44,Excluded,2026-10-02 16:55:15
p175,u180,s1,Preferred,2026-10-02 16:55:15
p176,u70,s48,Preferred,2026-10-02 16:55:15
p177,u202,s5,Acceptable,2026-10-02 16:55:15
p178,u57,s10,Preferred,2026-10-02 16:55:15
p179,u180,s46,Preferred,2026-10-02 16:55:15
p180,u250,s37,Acceptable,2026-10-02 16:55:15
p181,u59,s5,Acceptable,2026-10-02 16:55:15
p182,u49,s16,Preferred,2026-10-02 16:55:15
p183,u80,s16,Preferred,2026-10-02 16:55:15
p184,u171,s32,Preferred,2026-10-02 16:55:15
p185,u145,s41,Excluded,2026-10-02 16:55:15
p186,u176,s30,Acceptable,2026-10-02 16:55:15
p187,u189,s40,Preferred,2026-10-02 16:55:15
p188,u232,s6,Preferred,2026-10-02 16:55:15
p189,u238,s33,Preferred,2026-10-02 16:55:15
p19,u19,s20,Acceptable,2026-10-02 14:33:12
p190,u46,s49,Preferred,2026-10-02 16:55:15
p191,u222,s45,Excluded,2026-10-02 16:55:15
p192,u195,s3,Preferred,2026-10-02 16:55:15
p193,u214,s44,Preferred,2026-10-02 16:55:15
p194,u228,s12,Excluded,2026-10-02 16:55:15
p195,u235,s12,Preferred,2026-10-02 16:55:15
p196,u268,s11,Preferred,2026-10-02 16:55:15
p197,u98,s10,Preferred,2026-10-02 16:55:15
p198,u212,s40,Preferred,2026-10-02 16:55:15
p199,u256,s24,Excluded,2026-10-02 16:55:15
p2,u2,s1,Preferred,2026-10-02 14:03:34
p200,u165,s48,Preferred,2026-10-02 16:55:15
p201,u239,s50,Preferred,2026-10-02 16:55:15
p202,u169,s13,Excluded,2026-10-02 16:55:15
p203,u193,s15,Preferred,2026-10-02 16:55:15
p204,u278,s24,Acceptable,2026-10-02 16:55:15
p205,u199,s1,Acceptable,2026-10-02 16:55:15
p206,u298,s43,Preferred,2026-10-02 16:55:15
p207,u228,s44,Preferred,2026-10-02 16:55:15
p208,u54,s34,Preferred,2026-10-02 16:55:15
p209,u212,s17,Preferred,2026-10-02 16:55:15
p21,u21,s1,Preferred,2026-10-02 15:59:05
p210,u102,s16,Excluded,2026-10-02 16:55:15
p211,u171,s30,Preferred,2026-10-02 16:55:15
p212,u169,s29,Preferred,2026-10-02 16:55:15
p22,u22,s1,Acceptable,2026-10-02 15:59:05
p23,u23,s7,Preferred,2026-10-02 15:59:05
p24,u24,s7,Acceptable,2026-10-02 15:59:05
p25,u25,s5,Preferred,2026-10-02 15:59:05
p26,u26,s3,Acceptable,2026-10-02 15:59:05
p27,u27,s19,Preferred,2026-10-02 15:59:05
p28,u28,s12,Acceptable,2026-10-02 15:59:05
p29,u29,s21,Preferred,2026-10-02 15:59:05
p3,u7,s8,Acceptable,2026-10-02 14:03:34
p30,u30,s10,Acceptable,2026-10-02 15:59:05
p31,u1,s9,Excluded,2026-10-02 15:59:05
p32,u243,s32,Excluded,2026-10-02 16:55:15
p33,u258,s16,Excluded,2026-10-02 16:55:15
p34,u246,s6,Excluded,2026-10-02 16:55:15
p35,u293,s34,Excluded,2026-10-02 16:55:15
p36,u294,s5,Excluded,2026-10-02 16:55:15
p37,u264,s8,Excluded,2026-10-02 16:55:15
p38,u218,s18,Excluded,2026-10-02 16:55:15
p39,u295,s24,Excluded,2026-10-02 16:55:15
p40,u258,s1,Acceptable,2026-10-02 16:55:15
p41,u296,s8,Acceptable,2026-10-02 16:55:15
p42,u106,s40,Preferred,2026-10-02 16:55:15
p43,u158,s30,Preferred,2026-10-02 16:55:15
p44,u104,s29,Preferred,2026-10-02 16:55:15
p45,u80,s37,Excluded,2026-10-02 16:55:15
p46,u156,s11,Acceptable,2026-10-02 16:55:15
p47,u87,s38,Acceptable,2026-10-02 16:55:15
p48,u49,s43,Preferred,2026-10-02 16:55:15
p49,u266,s38,Preferred,2026-10-02 16:55:15
p50,u182,s14,Preferred,2026-10-02 16:55:15
p51,u156,s29,Preferred,2026-10-02 16:55:15
p52,u155,s10,Acceptable,2026-10-02 16:55:15
p53,u145,s21,Excluded,2026-10-02 16:55:15
p54,u78,s14,Preferred,2026-10-02 16:55:15
p55,u265,s12,Preferred,2026-10-02 16:55:15
p56,u111,s35,Preferred,2026-10-02 16:55:15
p57,u295,s49,Excluded,2026-10-02 16:55:15
p58,u194,s7,Preferred,2026-10-02 16:55:15
p59,u261,s28,Preferred,2026-10-02 16:55:15
p60,u238,s3,Preferred,2026-10-02 16:55:15
p61,u113,s47,Acceptable,2026-10-02 16:55:15
p62,u202,s14,Excluded,2026-10-02 16:55:15
p63,u254,s31,Preferred,2026-10-02 16:55:15
p64,u296,s43,Preferred,2026-10-02 16:55:15
p65,u143,s38,Acceptable,2026-10-02 16:55:15
p66,u290,s40,Preferred,2026-10-02 16:55:15
p67,u264,s21,Acceptable,2026-10-02 16:55:15
p68,u58,s33,Preferred,2026-10-02 16:55:15
p69,u136,s40,Preferred,2026-10-02 16:55:15
p70,u149,s49,Excluded,2026-10-02 16:55:15
p71,u219,s43,Acceptable,2026-10-02 16:55:15
p72,u163,s13,Preferred,2026-10-02 16:55:15
p73,u50,s44,Acceptable,2026-10-02 16:55:15
p74,u133,s50,Preferred,2026-10-02 16:55:15
p75,u121,s7,Preferred,2026-10-02 16:55:15
p76,u225,s29,Preferred,2026-10-02 16:55:15
p77,u103,s50,Preferred,2026-10-02 16:55:15
p78,u201,s39,Acceptable,2026-10-02 16:55:15
p79,u196,s45,Preferred,2026-10-02 16:55:15
p80,u172,s46,Preferred,2026-10-02 16:55:15
p81,u186,s17,Preferred,2026-10-02 16:55:15
p82,u177,s39,Preferred,2026-10-02 16:55:15
p83,u210,s28,Acceptable,2026-10-02 16:55:15
p84,u143,s50,Excluded,2026-10-02 16:55:15
p85,u225,s40,Excluded,2026-10-02 16:55:15
p86,u181,s1,Preferred,2026-10-02 16:55:15
p87,u192,s7,Preferred,2026-10-02 16:55:15
p88,u299,s21,Preferred,2026-10-02 16:55:15
p89,u180,s28,Acceptable,2026-10-02 16:55:15
p90,u144,s28,Preferred,2026-10-02 16:55:15
p91,u63,s4,Excluded,2026-10-02 16:55:15
p92,u166,s19,Preferred,2026-10-02 16:55:15
p93,u44,s38,Acceptable,2026-10-02 16:55:15
p94,u240,s13,Preferred,2026-10-02 16:55:15
p95,u249,s23,Preferred,2026-10-02 16:55:15
p96,u41,s31,Preferred,2026-10-02 16:55:15
p97,u178,s2,Preferred,2026-10-02 16:55:15
p98,u262,s2,Preferred,2026-10-02 16:55:15
p99,u245,s43,Acceptable,2026-10-02 16:55:15
