need_id,user_id,skill_id,required_provider_level,duration_minutes,sessions_needed,mode,location,conditions,status,created_at,updated_at
n1,u1,s2,Intermediate,45,1,Either,HKU,Daily conversations,Active,2026-10-02 14:03:34,2026-10-02 14:03:34
n10,u10,s9,Intermediate,60,1,Online,Anywhere,Disallowed academic work,Active,2026-10-02 14:03:34,2026-10-02 14:03:34
n100,u93,s36,Intermediate,60,1,Offline,HKUST,One student-to-student session,Active,2026-10-02 16:55:15,2026-10-02 16:55:15
n101,u92,s48,Intermediate,60,1,Offline,HKUST,One student-to-student session,Active,2026-10-02 16:55:15,2026-10-02 16:55:15
n102,u95,s49,Intermediate,30,1,Online,Anywhere,One student-to-student session,Active,2026-10-02 16:55:15,2026-10-02 16:55:15
n103,u94,s50,Intermediate,30,1,Online,Anywhere,One student-to-student session,Active,2026-10-02 16:55:15,2026-10-02 16:55:15
n104,u97,s1,Intermediate,45,1,Offline,HKU,One student-to-student session,Active,2026-10-02 16:55:15,2026-10-02 16:55:15
n105,u96,s46,Intermediate,45,1,Offline,HKU,One student-to-student session,Active,2026-10-02 16:55:15,2026-10-02 16:55:15
n106,u99,s45,Intermediate,45,1,Online,Anywhere,One student-to-student session,Active,2026-10-02 16:55:15,2026-10-02 16:55:15
n107,u98,s10,Intermediate,45,1,Online,Anywhere,One student-to-student session,Active,2026-10-02 16:55:15,2026-10-02 16:55:15
n108,u101,s23,Intermediate,45,1,Offline,Kowloon,One student-to-student session,Active,2026-10-02 16:55:15,2026-10-02 16:55:15
n109,u100,s2,Intermediate,45,1,Offline,Kowloon,One student-to-student session,Active,2026-10-02 16:55:15,2026-10-02 16:55:15
n11,u11,s12,Beginner,30,1,Offline,HKU,Easy meal prep,Active,2026-10-02 14:33:12,2026-10-02 14:33:12
n110,u103,s50,Intermediate,45,1,Offline,HKU,One student-to-student session,Active,2026-10-02 16:55:15,2026-10-02 16:55:15
n111,u102,s48,Intermediate,45,1,Offline,HKU,One student-to-student session,Active,2026-10-02 16:55:15,2026-10-02 16:55:15
n112,u105,s28,Intermediate,45,1,Offline,HKU,One student-to-student session,Active,2026-10-02 16:55:15,2026-10-02 16:55:15
n113,u104,s13,Intermediate,45,1,Offline,HKU,One student-to-student session,Active,2026-10-02 16:55:15,2026-10-02 16:55:15
n114,u107,s39,Intermediate,45,1,Online,Anywhere,One student-to-student session,Active,2026-10-02 16:55:15,2026-10-02 16:55:15
n115,u106,s24,Intermediate,45,1,Online,Anywhere,One student-to-student session,Active,2026-10-02 16:55:15,2026-10-02 16:55:15
n116,u109,s33,Intermediate,45,1,Online,Anywhere,One student-to-student session,Active,2026-10-02 16:55:15,2026-10-02 16:55:15
n117,u108,s10,Intermediate,45,1,Online,Anywhere,One student-to-student session,Active,2026-10-02 16:55:15,2026-10-02 16:55:15
n118,u111,s35,Intermediate,30,1,Online,Anywhere,One student-to-student session,Active,2026-10-02 16:55:15,2026-10-02 16:55:15
n119,u110,s8,Intermediate,30,1,Online,Anywhere,One student-to-student session,Active,2026-10-02 16:55:15,2026-10-02 16:55:15
n12,u12,s11,Intermediate,30,1,Offline,HKU,Check a bicycle tire,Active,2026-10-02 14:33:12,2026-10-02 14:33:12
n120,u113,s47,Intermediate,30,1,Offline,Central,One student-to-student session,Active,2026-10-02 16:55:15,2026-10-02 16:55:15
n121,u112,s15,Intermediate,30,1,Offline,Central,One student-to-student session,Active,2026-10-02 16:55:15,2026-10-02 16:55:15
n122,u115,s50,Intermediate,45,1,Either,HKU,One student-to-student session,Active,2026-10-02 16:55:15,2026-10-02 16:55:15
n123,u114,s24,Intermediate,45,1,Either,HKU,One student-to-student session,Active,2026-10-02 16:55:15,2026-10-02 16:55:15
n124,u117,s23,Intermediate,45,1,Offline,HKU,One student-to-student session,Active,2026-10-02 16:55:15,2026-10-02 16:55:15
n125,u116,s15,Intermediate,45,1,Offline,HKU,One student-to-student session,Active,2026-10-02 16:55:15,2026-10-02 16:55:15
n126,u119,s12,Intermediate,60,1,Online,Anywhere,One student-to-student session,Active,2026-10-02 16:55:15,2026-10-02 16:55:15
n127,u118,s29,Intermediate,60,1,Online,Anywhere,One student-to-student session,Active,2026-10-02 16:55:15,2026-10-02 16:55:15
n128,u121,s7,Intermediate,60,1,Offline,HKU,One student-to-student session,Active,2026-10-02 16:55:15,2026-10-02 16:55:15
n129,u120,s4,Intermediate,60,1,Offline,HKU,One student-to-student session,Active,2026-10-02 16:55:15,2026-10-02 16:55:15
n13,u13,s14,Intermediate,30,1,Online,Anywhere,Budget for a semester,Active,2026-10-02 14:33:12,2026-10-02 14:33:12
n130,u123,s31,Intermediate,30,1,Online,Anywhere,One student-to-student session,Active,2026-10-02 16:55:15,2026-10-02 16:55:15
n131,u122,s6,Intermediate,30,1,Online,Anywhere,One student-to-student session,Active,2026-10-02 16:55:15,2026-10-02 16:55:15
n132,u125,s8,Intermediate,60,1,Offline,HKU,One student-to-student session,Active,2026-10-02 16:55:15,2026-10-02 16:55:15
n133,u124,s45,Intermediate,60,1,Offline,HKU,One student-to-student session,Active,2026-10-02 16:55:15,2026-10-02 16:55:15
n134,u127,s24,Intermediate,30,1,Online,Anywhere,One student-to-student session,Active,2026-10-02 16:55:15,2026-10-02 16:55:15
n135,u126,s20,Intermediate,30,1,Online,Anywhere,One student-to-student session,Active,2026-10-02 16:55:15,2026-10-02 16:55:15
n136,u129,s10,Intermediate,45,1,Either,Anywhere,One student-to-student session,Active,2026-10-02 16:55:15,2026-10-02 16:55:15
n137,u128,s49,Intermediate,45,1,Either,Anywhere,One student-to-student session,Active,2026-10-02 16:55:15,2026-10-02 16:55:15
n138,u131,s30,Intermediate,45,1,Either,Anywhere,One student-to-student session,Active,2026-10-02 16:55:15,2026-10-02 16:55:15
n139,u130,s38,Intermediate,45,1,Either,Anywhere,One student-to-student session,Active,2026-10-02 16:55:15,2026-10-02 16:55:15
n14,u14,s13,Intermediate,30,1,Online,Anywhere,Improve presentation layout,Active,2026-10-02 14:33:12,2026-10-02 14:33:12
n140,u133,s50,Intermediate,30,1,Offline,HKU,One student-to-student session,Active,2026-10-02 16:55:15,2026-10-02 16:55:15
n141,u132,s15,Intermediate,30,1,Offline,HKU,One student-to-student session,Active,2026-10-02 16:55:15,2026-10-02 16:55:15
n142,u135,s14,Intermediate,45,1,Online,Anywhere,One student-to-student session,Active,2026-10-02 16:55:15,2026-10-02 16:55:15
n143,u134,s33,Intermediate,45,1,Online,Anywhere,One student-to-student session,Active,2026-10-02 16:55:15,2026-10-02 16:55:15
n144,u137,s47,Intermediate,30,1,Offline,Central,One student-to-student session,Active,2026-10-02 16:55:15,2026-10-02 16:55:15
n145,u136,s40,Intermediate,30,1,Offline,Central,One student-to-student session,Active,2026-10-02 16:55:15,2026-10-02 16:55:15
n146,u139,s50,Intermediate,60,1,Offline,HKU,One student-to-student session,Active,2026-10-02 16:55:15,2026-10-02 16:55:15
n147,u138,s5,Intermediate,60,1,Offline,HKU,One student-to-student session,Active,2026-10-02 16:55:15,2026-10-02 16:55:15
n148,u141,s47,Intermediate,30,1,Online,Anywhere,One student-to-student session,Active,2026-10-02 16:55:15,2026-10-02 16:55:15
n149,u140,s37,Intermediate,30,1,Online,Anywhere,One student-to-student session,Active,2026-10-02 16:55:15,2026-10-02 16:55:15
n15,u15,s16,Intermediate,30,1,Offline,HKU,Starter workout,Active,2026-10-02 14:33:12,2026-10-02 14:33:12
n150,u143,s32,Intermediate,30,1,Online,Anywhere,One student-to-student session,Active,2026-10-02 16:55:15,2026-10-02 16:55:15
n151,u142,s28,Intermediate,30,1,Online,Anywhere,One student-to-student session,Active,2026-10-02 16:55:15,2026-10-02 16:55:15
n152,u145,s29,Intermediate,60,1,Either,HKU,One student-to-student session,Active,2026-10-02 16:55:15,2026-10-02 16:55:15
n153,u144,s41,Intermediate,60,1,Either,HKU,One student-to-student session,Active,2026-10-02 16:55:15,2026-10-02 16:55:15
n154,u147,s34,Intermediate,45,1,Offline,Kowloon,One student-to-student session,Active,2026-10-02 16:55:15,2026-10-02 16:55:15
n155,u146,s7,Intermediate,45,1,Offline,Kowloon,One student-to-student session,Active,2026-10-02 16:55:15,2026-10-02 16:55:15
n156,u149,s5,Intermediate,30,1,Offline,HKU,One student-to-student session,Active,2026-10-02 16:55:15,2026-10-02 16:55:15
n157,u148,s24,Intermediate,30,1,Offline,HKU,One student-to-student session,Active,2026-10-02 16:55:15,2026-10-02 16:55:15
n158,u151,s34,Intermediate,45,1,Either,HKU,One student-to-student session,Active,2026-10-02 16:55:15,2026-10-02 16:55:15
n159,u150,s2,Intermediate,45,1,Either,HKU,One student-to-student session,Active,2026-10-02 16:55:15,2026-10-02 16:55:15
n16,u16,s15,Beginner,30,1,Offline,HKU,Better phone pictures,Active,2026-10-02 14:33:12,2026-10-02 14:33:12
n160,u153,s28,Intermediate,45,1,Offline,Central,One student-to-student session,Active,2026-10-02 16:55:15,2026-10-02 16:55:15
n161,u152,s23,Intermediate,45,1,Offline,Central,One student-to-student session,Active,2026-10-02 16:55:15,2026-10-02 16:55:15
n162,u155,s17,Intermediate,45,1,Online,Anywhere,One student-to-student session,Active,2026-10-02 16:55:15,2026-10-02 16:55:15
n163,u154,s5,Intermediate,45,1,Online,Anywhere,One student-to-student session,Active,2026-10-02 16:55:15,2026-10-02 16:55:15
n164,u157,s41,Intermediate,30,1,Offline,HKU,One student-to-student session,Active,2026-10-02 16:55:15,2026-10-02 16:55:15
n165,u156,s42,Intermediate,30,1,Offline,HKU,One student-to-student session,Active,2026-10-02 16:55:15,2026-10-02 16:55:15
n166,u159,s32,Intermediate,30,1,Online,Anywhere,One student-to-student session,Active,2026-10-02 16:55:15,2026-10-02 16:55:15
n167,u158,s30,Intermediate,30,1,Online,Anywhere,One student-to-student session,Active,2026-10-02 16:55:15,2026-10-02 16:55:15
n168,u161,s45,Intermediate,30,1,Offline,Kowloon,One student-to-student session,Active,2026-10-02 16:55:15,2026-10-02 16:55:15
n169,u160,s22,Intermediate,30,1,Offline,Kowloon,One student-to-student session,Active,2026-10-02 16:55:15,2026-10-02 16:55:15
n17,u17,s18,Intermediate,30,1,Online,Anywhere,Practice interview answers,Active,2026-10-02 14:33:12,2026-10-02 14:33:12
n170,u163,s13,Intermediate,30,1,Online,Anywhere,One student-to-student session,Active,2026-10-02 16:55:15,2026-10-02 16:55:15
n171,u162,s47,Intermediate,30,1,Online,Anywhere,One student-to-student session,Active,2026-10-02 16:55:15,2026-10-02 16:55:15
n172,u165,s41,Intermediate,45,1,Either,HKU,One student-to-student session,Active,2026-10-02 16:55:15,2026-10-02 16:55:15
n173,u164,s20,Intermediate,45,1,Either,HKU,One student-to-student session,Active,2026-10-02 16:55:15,2026-10-02 16:55:15
n174,u167,s6,Intermediate,45,1,Online,Anywhere,One student-to-student session,Active,2026-10-02 16:55:15,2026-10-02 16:55:15
n175,u166,s19,Intermediate,45,1,Online,Anywhere,One student-to-student session,Active,2026-10-02 16:55:15,2026-10-02 16:55:15
n176,u169,s40,Intermediate,30,1,Offline,HKU,One student-to-student session,Active,2026-10-02 16:55:15,2026-10-02 16:55:15
n177,u168,s8,Intermediate,30,1,Offline,HKU,One student-to-student session,Active,2026-10-02 16:55:15,2026-10-02 16:55:15
n178,u171,s30,Intermediate,30,1,Online,Anywhere,One student-to-student session,Active,2026-10-02 16:55:15,2026-10-02 16:55:15
n179,u170,s12,Intermediate,30,1,Online,Anywhere,One student-to-student session,Active,2026-10-02 16:55:15,2026-10-02 16:55:15
n18,u18,s17,Beginner,30,1,Online,Anywhere,Learn beginner chords,Active,2026-10-02 14:33:12,2026-10-02 14:33:12
n180,u173,s36,Intermediate,30,1,Offline,HKU,One student-to-student session,Active,2026-10-02 16:55:15,2026-10-02 16:55:15
n181,u172,s38,Intermediate,30,1,Offline,HKU,One student-to-student session,Active,2026-10-02 16:55:15,2026-10-02 16:55:15
n182,u175,s49,Intermediate,60,1,Offline,HKUST,One student-to-student session,Active,2026-10-02 16:55:15,2026-10-02 16:55:15
n183,u174,s6,Intermediate,60,1,Offline,HKUST,One student-to-student session,Active,2026-10-02 16:55:15,2026-10-02 16:55:15
n184,u176,s30,Intermediate,30,1,Offline,HKU,One student-to-student session,Active,2026-10-02 16:55:15,2026-10-02 16:55:15
n185,u177,s39,Intermediate,30,1,Offline,HKU,One student-to-student session,Active,2026-10-02 16:55:15,2026-10-02 16:55:15
n186,u178,s2,Intermediate,30,1,Offline,HKU,One student-to-student session,Active,2026-10-02 16:55:15,2026-10-02 16:55:15
n187,u179,s44,Intermediate,30,1,Online,Anywhere,One student-to-student session,Active,2026-10-02 16:55:15,2026-10-02 16:55:15
n188,u180,s46,Intermediate,30,1,Online,Anywhere,One student-to-student session,Active,2026-10-02 16:55:15,2026-10-02 16:55:15
n189,u181,s1,Intermediate,30,1,Online,Anywhere,One student-to-student session,Active,2026-10-02 16:55:15,2026-10-02 16:55:15
n19,u19,s20,Intermediate,30,1,Offline,HKU,Find campus facilities,Active,2026-10-02 14:33:12,2026-10-02 14:33:12
n190,u182,s14,Intermediate,30,1,Online,Anywhere,One student-to-student session,Active,2026-10-02 16:55:15,2026-10-02 16:55:15
n191,u183,s6,Intermediate,30,1,Online,Anywhere,One student-to-student session,Active,2026-10-02 16:55:15,2026-10-02 16:55:15
n192,u184,s15,Intermediate,30,1,Online,Anywhere,One student-to-student session,Active,2026-10-02 16:55:15,2026-10-02 16:55:15
n193,u185,s21,Intermediate,30,1,Online,Anywhere,One student-to-student session,Active,2026-10-02 16:55:15,2026-10-02 16:55:15
n194,u186,s17,Intermediate,30,1,Online,Anywhere,One student-to-student session,Active,2026-10-02 16:55:15,2026-10-02 16:55:15
n195,u187,s43,Intermediate,30,1,Online,Anywhere,One student-to-student session,Active,2026-10-02 16:55:15,2026-10-02 16:55:15
n196,u188,s39,Intermediate,30,1,Offline,HKUST,One student-to-student session,Active,2026-10-02 16:55:15,2026-10-02 16:55:15
n197,u189,s40,Intermediate,30,1,Offline,HKUST,One student-to-student session,Active,2026-10-02 16:55:15,2026-10-02 16:55:15
n198,u190,s1,Intermediate,30,1,Offline,HKUST,One student-to-student session,Active,2026-10-02 16:55:15,2026-10-02 16:55:15
n199,u191,s19,Intermediate,30,1,Offline,HKU,One student-to-student session,Active,2026-10-02 16:55:15,2026-10-02 16:55:15
n2,u2,s1,Intermediate,45,1,Either,HKU,Fix one bug,Active,2026-10-02 14:03:34,2026-10-02 14:03:34
n20,u20,s19,Beginner,30,1,Offline,HKU,Care for delicate clothes,Active,2026-10-02 14:33:12,2026-10-02 14:33:12
n200,u192,s31,Intermediate,30,1,Offline,HKU,One student-to-student session,Active,2026-10-02 16:55:15,2026-10-02 16:55:15
n201,u193,s15,Intermediate,30,1,Offline,HKU,One student-to-student session,Active,2026-10-02 16:55:15,2026-10-02 16:55:15
n202,u194,s48,Intermediate,30,1,Offline,HKU,One student-to-student session,Active,2026-10-02 16:55:15,2026-10-02 16:55:15
n203,u195,s35,Intermediate,30,1,Offline,HKU,One student-to-student session,Active,2026-10-02 16:55:15,2026-10-02 16:55:15
n204,u196,s30,Intermediate,30,1,Offline,HKU,One student-to-student session,Active,2026-10-02 16:55:15,2026-10-02 16:55:15
n205,u197,s37,Intermediate,30,1,Offline,HKU,One student-to-student session,Active,2026-10-02 16:55:15,2026-10-02 16:55:15
n206,u198,s41,Intermediate,30,1,Offline,HKU,One student-to-student session,Active,2026-10-02 16:55:15,2026-10-02 16:55:15
n207,u199,s1,Intermediate,30,1,Offline,HKU,One student-to-student session,Active,2026-10-02 16:55:15,2026-10-02 16:55:15
n208,u200,s20,Intermediate,30,1,Offline,HKU,One student-to-student session,Active,2026-10-02 16:55:15,2026-10-02 16:55:15
n209,u201,s39,Intermediate,30,1,Offline,HKU,One student-to-student session,Active,2026-10-02 16:55:15,2026-10-02 16:55:15
n21,u21,s1,Intermediate,45,1,Either,HKU,Python debugging,Active,2026-10-02 15:59:05,2026-10-02 15:59:05
n210,u202,s1,Intermediate,30,1,Offline,HKU,One student-to-student session,Active,2026-10-02 16:55:15,2026-10-02 16:55:15
n211,u203,s23,Intermediate,30,1,Offline,HKU,One student-to-student session,Active,2026-10-02 16:55:15,2026-10-02 16:55:15
n212,u204,s33,Intermediate,30,1,Offline,HKU,One student-to-student session,Active,2026-10-02 16:55:15,2026-10-02 16:55:15
n213,u205,s35,Intermediate,30,1,Offline,HKU,One student-to-student session,Active,2026-10-02 16:55:15,2026-10-02 16:55:15
n214,u206,s24,Intermediate,30,1,Online,Anywhere,One student-to-student session,Active,2026-10-02 16:55:15,2026-10-02 16:55:15
n215,u207,s19,Intermediate,30,1,Online,Anywhere,One student-to-student session,Active,2026-10-02 16:55:15,2026-10-02 16:55:15
n216,u208,s4,Intermediate,30,1,Online,Anywhere,One student-to-student session,Active,2026-10-02 16:55:15,2026-10-02 16:55:15
n217,u209,s23,Intermediate,30,1,Offline,HKU,One student-to-student session,Active,2026-10-02 16:55:15,2026-10-02 16:55:15
n218,u210,s28,Intermediate,30,1,Offline,HKU,One student-to-student session,Active,2026-10-02 16:55:15,2026-10-02 16:55:15
n219,u211,s48,Intermediate,30,1,Offline,HKU,One student-to-student session,Active,2026-10-02 16:55:15,2026-10-02 16:55:15
n22,u22,s1,Intermediate,45,1,Either,HKU,Python basics,Active,2026-10-02 15:59:05,2026-10-02 15:59:05
n220,u212,s5,Intermediate,45,1,Either,Anywhere,One student-to-student session,Active,2026-10-02 16:55:15,2026-10-02 16:55:15
n221,u213,s37,Beginner,30,2,Offline,HKU,One student-to-student session,Active,2026-10-02 16:55:15,2026-10-02 16:55:15
n222,u214,s44,Intermediate,45,2,Either,Anywhere,One student-to-student session,Active,2026-10-02 16:55:15,2026-10-02 16:55:15
n223,u215,s42,Beginner,30,1,Either,HKU,One student-to-student session,Active,2026-10-02 16:55:15,2026-10-02 16:55:15
n224,u216,s38,Intermediate,45,1,Offline,HKU,One student-to-student session,Active,2026-10-02 16:55:15,2026-10-02 16:55:15
n225,u217,s42,Intermediate,60,1,Online,Anywhere,One student-to-student session,Active,2026-10-02 16:55:15,2026-10-02 16:55:15
n226,u218,s18,Advanced,30,1,Offline,HKU,One student-to-student session,Active,2026-10-02 16:55:15,2026-10-02 16:55:15
n227,u219,s13,Beginner,60,1,Either,HKU,One student-to-student session,Active,2026-10-02 16:55:15,2026-10-02 16:55:15
n228,u220,s19,Beginner,90,1,Offline,HKU,One student-to-student session,Active,2026-10-02 16:55:15,2026-10-02 16:55:15
n229,u221,s6,Beginner,60,2,Offline,HKU,One student-to-student session,Active,2026-10-02 16:55:15,2026-10-02 16:55:15
n23,u23,s7,Intermediate,30,1,Online,Anywhere,Review one CV,Active,2026-10-02 15:59:05,2026-10-02 15:59:05
n230,u222,s42,Beginner,30,1,Offline,Kowloon,One student-to-student session,Active,2026-10-02 16:55:15,2026-10-02 16:55:15
n231,u223,s14,Beginner,45,1,Online,Anywhere,One student-to-student session,Active,2026-10-02 16:55:15,2026-10-02 16:55:15
n232,u224,s23,Beginner,45,1,Online,Anywhere,One student-to-student session,Active,2026-10-02 16:55:15,2026-10-02 16:55:15
n233,u225,s16,Advanced,30,1,Offline,HKU,One student-to-student session,Active,2026-10-02 16:55:15,2026-10-02 16:55:15
n234,u226,s49,Advanced,30,1,Online,Anywhere,One student-to-student session,Active,2026-10-02 16:55:15,2026-10-02 16:55:15
n235,u227,s35,Intermediate,45,1,Offline,HKU,One student-to-student session,Active,2026-10-02 16:55:15,2026-10-02 16:55:15
n236,u228,s29,Beginner,45,1,Offline,HKUST,One student-to-student session,Active,2026-10-02 16:55:15,2026-10-02 16:55:15
n237,u229,s37,Intermediate,90,1,Offline,HKUST,One student-to-student session,Active,2026-10-02 16:55:15,2026-10-02 16:55:15
n238,u230,s14,Beginner,45,1,Online,Anywhere,One student-to-student session,Active,2026-10-02 16:55:15,2026-10-02 16:55:15
n239,u231,s2,Intermediate,30,2,Online,Anywhere,One student-to-student session,Active,2026-10-02 16:55:15,2026-10-02 16:55:15
n24,u24,s7,Intermediate,30,1,Online,Anywhere,Improve CV language,Active,2026-10-02 15:59:05,2026-10-02 15:59:05
n240,u232,s6,Advanced,60,1,Either,HKU,One student-to-student session,Active,2026-10-02 16:55:15,2026-10-02 16:55:15
n241,u233,s8,Intermediate,30,1,Offline,HKU,One student-to-student session,Active,2026-10-02 16:55:15,2026-10-02 16:55:15
n242,u234,s18,Beginner,60,1,Either,HKU,One student-to-student session,Active,2026-10-02 16:55:15,2026-10-02 16:55:15
n243,u235,s22,Advanced,30,2,Online,Anywhere,One student-to-student session,Active,2026-10-02 16:55:15,2026-10-02 16:55:15
n244,u236,s1,Intermediate,45,1,Offline,HKU,One student-to-student session,Active,2026-10-02 16:55:15,2026-10-02 16:55:15
n245,u237,s42,Expert,60,1,Online,Anywhere,One student-to-student session,Active,2026-10-02 16:55:15,2026-10-02 16:55:15
n246,u238,s33,Advanced,30,1,Offline,HKUST,One student-to-student session,Active,2026-10-02 16:55:15,2026-10-02 16:55:15
n247,u239,s31,Intermediate,30,1,Online,Anywhere,One student-to-student session,Active,2026-10-02 16:55:15,2026-10-02 16:55:15
n248,u240,s40,Intermediate,30,1,Offline,HKU,One student-to-student session,Active,2026-10-02 16:55:15,2026-10-02 16:55:15
n249,u241,s44,Intermediate,60,1,Offline,HKU,One student-to-student session,Active,2026-10-02 16:55:15,2026-10-02 16:55:15
n25,u25,s5,Intermediate,30,1,Online,Anywhere,Learn four guitar chords,Active,2026-10-02 15:59:05,2026-10-02 15:59:05
n250,u242,s23,Intermediate,60,2,Offline,HKU,One student-to-student session,Active,2026-10-02 16:55:15,2026-10-02 16:55:15
n251,u243,s32,Intermediate,90,1,Offline,HKU,One student-to-student session,Active,2026-10-02 16:55:15,2026-10-02 16:55:15
n252,u244,s16,Beginner,30,1,Online,Anywhere,One student-to-student session,Active,2026-10-02 16:55:15,2026-10-02 16:55:15
n253,u245,s43,Beginner,90,1,Online,Anywhere,One student-to-student session,Active,2026-10-02 16:55:15,2026-10-02 16:55:15
n254,u246,s6,Advanced,30,1,Either,Anywhere,One student-to-student session,Active,2026-10-02 16:55:15,2026-10-02 16:55:15
n255,u247,s11,Intermediate,30,1,Either,HKU,One student-to-student session,Active,2026-10-02 16:55:15,2026-10-02 16:55:15
n256,u248,s8,Intermediate,45,3,Offline,HKU,One student-to-student session,Active,2026-10-02 16:55:15,2026-10-02 16:55:15
n257,u249,s49,Intermediate,30,1,Offline,HKU,One student-to-student session,Active,2026-10-02 16:55:15,2026-10-02 16:55:15
n258,u250,s37,Intermediate,45,1,Offline,HKU,One student-to-student session,Active,2026-10-02 16:55:15,2026-10-02 16:55:15
n259,u251,s23,Intermediate,60,1,Offline,Central,One student-to-student session,Active,2026-10-02 16:55:15,2026-10-02 16:55:15
n26,u26,s3,Intermediate,60,1,Offline,HKU,Portrait photography,Active,2026-10-02 15:59:05,2026-10-02 15:59:05
n260,u252,s33,Intermediate,30,1,Either,HKU,One student-to-student session,Active,2026-10-02 16:55:15,2026-10-02 16:55:15
n261,u253,s29,Intermediate,90,3,Offline,Kowloon,One student-to-student session,Active,2026-10-02 16:55:15,2026-10-02 16:55:15
n262,u254,s31,Advanced,45,1,Either,Anywhere,One student-to-student session,Active,2026-10-02 16:55:15,2026-10-02 16:55:15
n263,u255,s29,Advanced,45,1,Online,Anywhere,One student-to-student session,Active,2026-10-02 16:55:15,2026-10-02 16:55:15
n264,u256,s47,Intermediate,30,1,Offline,HKU,One student-to-student session,Active,2026-10-02 16:55:15,2026-10-02 16:55:15
n265,u257,s36,Beginner,30,1,Either,HKU,One student-to-student session,Active,2026-10-02 16:55:15,2026-10-02 16:55:15
n266,u258,s16,Advanced,45,1,Online,Anywhere,One student-to-student session,Active,2026-10-02 16:55:15,2026-10-02 16:55:15
n267,u259,s33,Intermediate,60,1,Online,Anywhere,One student-to-student session,Active,2026-10-02 16:55:15,2026-10-02 16:55:15
n268,u260,s49,Intermediate,90,1,Offline,HKU,One student-to-student session,Active,2026-10-02 16:55:15,2026-10-02 16:55:15
n269,u261,s41,Intermediate,45,3,Online,Anywhere,One student-to-student session,Active,2026-10-02 16:55:15,2026-10-02 16:55:15
n27,u27,s19,Beginner,30,1,Offline,HKU,Laundry care basics,Active,2026-10-02 15:59:05,2026-10-02 15:59:05
n270,u262,s36,Advanced,60,2,Either,HKU,One student-to-student session,Active,2026-10-02 16:55:15,2026-10-02 16:55:15
n271,u263,s40,Intermediate,45,1,Offline,HKU,One student-to-student session,Active,2026-10-02 16:55:15,2026-10-02 16:55:15
n272,u264,s8,Intermediate,30,1,Offline,HKU,One student-to-student session,Active,2026-10-02 16:55:15,2026-10-02 16:55:15
n273,u265,s12,Beginner,45,1,Offline,HKU,One student-to-student session,Active,2026-10-02 16:55:15,2026-10-02 16:55:15
n274,u266,s38,Intermediate,30,1,Offline,HKU,One student-to-student session,Active,2026-10-02 16:55:15,2026-10-02 16:55:15
n275,u267,s24,Advanced,45,1,Online,Anywhere,One student-to-student session,Active,2026-10-02 16:55:15,2026-10-02 16:55:15
n276,u268,s40,Beginner,60,2,Offline,HKU,One student-to-student session,Active,2026-10-02 16:55:15,2026-10-02 16:55:15
n277,u269,s11,Intermediate,30,1,Online,Anywhere,One student-to-student session,Active,2026-10-02 16:55:15,2026-10-02 16:55:15
n278,u270,s43,Intermediate,45,1,Online,Anywhere,One student-to-student session,Active,2026-10-02 16:55:15,2026-10-02 16:55:15
n279,u271,s32,Advanced,30,1,Offline,HKU,One student-to-student session,Active,2026-10-02 16:55:15,2026-10-02 16:55:15
n28,u28,s12,Beginner,30,1,Offline,HKU,Quick meal prep,Active,2026-10-02 15:59:05,2026-10-02 15:59:05
n280,u272,s41,Intermediate,45,1,Either,Anywhere,One student-to-student session,Active,2026-10-02 16:55:15,2026-10-02 16:55:15
n281,u273,s7,Intermediate,60,1,Offline,HKU,One student-to-student session,Active,2026-10-02 16:55:15,2026-10-02 16:55:15
n282,u274,s30,Beginner,60,2,Online,Anywhere,One student-to-student session,Active,2026-10-02 16:55:15,2026-10-02 16:55:15
n283,u275,s37,Advanced,45,1,Offline,HKU,One student-to-student session,Active,2026-10-02 16:55:15,2026-10-02 16:55:15
n284,u276,s15,Beginner,45,1,Online,Anywhere,One student-to-student session,Active,2026-10-02 16:55:15,2026-10-02 16:55:15
n285,u277,s29,Intermediate,45,1,Either,HKU,One student-to-student session,Active,2026-10-02 16:55:15,2026-10-02 16:55:15
n286,u278,s41,Advanced,60,1,Online,Anywhere,One student-to-student session,Active,2026-10-02 16:55:15,2026-10-02 16:55:15
n287,u279,s2,Advanced,60,1,Offline,Kowloon,One student-to-student session,Active,2026-10-02 16:55:15,2026-10-02 16:55:15
n288,u280,s5,Intermediate,30,1,Either,HKU,One student-to-student session,Active,2026-10-02 16:55:15,2026-10-02 16:55:15
n289,u281,s49,Intermediate,30,1,Offline,HKU,One student-to-student session,Active,2026-10-02 16:55:15,2026-10-02 16:55:15
n29,u29,s21,Intermediate,30,1,Online,Anywhere,Piano chords,Active,2026-10-02 15:59:05,2026-10-02 15:59:05
n290,u282,s40,Intermediate,30,1,Offline,HKU,One student-to-student session,Active,2026-10-02 16:55:15,2026-10-02 16:55:15
n291,u283,s29,Intermediate,45,1,Offline,HKU,One student-to-student session,Active,2026-10-02 16:55:15,2026-10-02 16:55:15
n292,u284,s38,Intermediate,30,1,Online,Anywhere,One student-to-student session,Active,2026-10-02 16:55:15,2026-10-02 16:55:15
n293,u285,s36,Advanced,30,1,Either,HKU,One student-to-student session,Active,2026-10-02 16:55:15,2026-10-02 16:55:15
n294,u286,s14,Intermediate,30,1,Online,Anywhere,One student-to-student session,Active,2026-10-02 16:55:15,2026-10-02 16:55:15
n295,u287,s45,Intermediate,30,1,Offline,HKU,One student-to-student session,Active,2026-10-02 16:55:15,2026-10-02 16:55:15
n296,u288,s23,Advanced,45,1,Offline,HKUST,One student-to-student session,Active,2026-10-02 16:55:15,2026-10-02 16:55:15
n297,u289,s50,Advanced,45,1,Either,HKU,One student-to-student session,Active,2026-10-02 16:55:15,2026-10-02 16:55:15
n298,u290,s8,Intermediate,45,2,Offline,HKU,One student-to-student session,Active,2026-10-02 16:55:15,2026-10-02 16:55:15
n299,u291,s44,Intermediate,30,1,Either,Anywhere,One student-to-student session,Active,2026-10-02 16:55:15,2026-10-02 16:55:15
n3,u3,s4,Intermediate,30,1,Offline,HKU,Formulas,Active,2026-10-02 14:03:34,2026-10-02 14:03:34
n30,u30,s10,Intermediate,30,1,Offline,HKU,Tennis basics,Active,2026-10-02 15:59:05,2026-10-02 15:59:05
n300,u292,s33,Expert,60,1,Either,HKU,One student-to-student session,Active,2026-10-02 16:55:15,2026-10-02 16:55:15
n301,u293,s34,Intermediate,30,1,Offline,HKU,One student-to-student session,Active,2026-10-02 16:55:15,2026-10-02 16:55:15
n302,u294,s5,Intermediate,30,1,Online,Anywhere,One student-to-student session,Active,2026-10-02 16:55:15,2026-10-02 16:55:15
n303,u295,s24,Intermediate,30,1,Online,Anywhere,One student-to-student session,Active,2026-10-02 16:55:15,2026-10-02 16:55:15
n304,u296,s8,Advanced,30,1,Online,Anywhere,One student-to-student session,Active,2026-10-02 16:55:15,2026-10-02 16:55:15
n305,u297,s45,Intermediate,45,1,Online,Anywhere,One student-to-student session,Active,2026-10-02 16:55:15,2026-10-02 16:55:15
n306,u298,s41,Intermediate,30,1,Offline,HKU,One student-to-student session,Active,2026-10-02 16:55:15,2026-10-02 16:55:15
n307,u299,s21,Intermediate,60,1,Online,Anywhere,One student-to-student session,Active,2026-10-02 16:55:15,2026-10-02 16:55:15
n308,u300,s30,Advanced,30,1,Offline,Kowloon,One student-to-student session,Active,2026-10-02 16:55:15,2026-10-02 16:55:15
n309,u233,s35,Intermediate,45,1,Online,Anywhere,One student-to-student session,Active,2026-10-02 16:55:15,2026-10-02 16:55:15
n31,u31,s24,Beginner,30,1,Offline,HKU,Easy dinner,Active,2026-10-02 15:59:05,2026-10-02 15:59:05
n310,u128,s14,Advanced,45,1,Online,Anywhere,One student-to-student session,Paused,2026-10-02 16:55:15,2026-10-02 16:55:15
n311,u238,s4,Intermediate,60,1,Offline,HKU,One student-to-student session,Active,2026-10-02 16:55:15,2026-10-02 16:55:15
n312,u139,s16,Intermediate,30,1,Either,Anywhere,One student-to-student session,Active,2026-10-02 16:55:15,2026-10-02 16:55:15
n313,u255,s20,Beginner,45,1,Offline,HKU,One student-to-student session,Active,2026-10-02 16:55:15,2026-10-02 16:55:15
n314,u106,s16,Beginner,60,1,Offline,HKU,One student-to-student session,Active,2026-10-02 16:55:15,2026-10-02 16:55:15
n315,u221,s43,Intermediate,60,1,Offline,HKUST,One student-to-student session,Active,2026-10-02 16:55:15,2026-10-02 16:55:15
n316,u92,s38,Advanced,30,1,Online,Anywhere,One student-to-student session,Active,2026-10-02 16:55:15,2026-10-02 16:55:15
n317,u231,s18,Advanced,30,1,Offline,HKU,One student-to-student session,Active,2026-10-02 16:55:15,2026-10-02 16:55:15
n318,u249,s23,Intermediate,30,1,Offline,HKU,One student-to-student session,Active,2026-10-02 16:55:15,2026-10-02 16:55:15
n319,u225,s29,Intermediate,45,1,Offline,HKU,One student-to-student session,Active,2026-10-02 16:55:15,2026-10-02 16:55:15
n32,u32,s23,Beginner,30,1,Offline,HKU,Moving help,Active,2026-10-02 15:59:05,2026-10-02 15:59:05
n320,u99,s44,Expert,30,1,Online,Anywhere,One student-to-student session,Active,2026-10-02 16:55:15,2026-10-02 16:55:15
n321,u36,s21,Intermediate,60,1,Offline,HKUST,One student-to-student session,Active,2026-10-02 16:55:15,2026-10-02 16:55:15
n322,u281,s24,Beginner,30,1,Online,Anywhere,One student-to-student session,Active,2026-10-02 16:55:15,2026-10-02 16:55:15
n323,u97,s29,Intermediate,90,1,Offline,HKUST,One student-to-student session,Active,2026-10-02 16:55:15,2026-10-02 16:55:15
n324,u245,s31,Expert,30,1,Online,Anywhere,One student-to-student session,Active,2026-10-02 16:55:15,2026-10-02 16:55:15
n325,u68,s39,Beginner,30,2,Either,HKU,One student-to-student session,Active,2026-10-02 16:55:15,2026-10-02 16:55:15
n326,u117,s36,Beginner,60,1,Offline,HKU,One student-to-student session,Active,2026-10-02 16:55:15,2026-10-02 16:55:15
n327,u115,s44,Beginner,30,1,Offline,HKU,One student-to-student session,Paused,2026-10-02 16:55:15,2026-10-02 16:55:15
n328,u43,s45,Intermediate,30,2,Offline,HKU,One student-to-student session,Active,2026-10-02 16:55:15,2026-10-02 16:55:15
n329,u278,s24,Intermediate,30,1,Offline,Central,One student-to-student session,Active,2026-10-02 16:55:15,2026-10-02 16:55:15
n33,u1,s8,Intermediate,30,1,Online,Anywhere,Mandarin conversation,Active,2026-10-02 15:59:05,2026-10-02 15:59:05
n330,u145,s14,Intermediate,30,1,Offline,HKU,One student-to-student session,Active,2026-10-02 16:55:15,2026-10-02 16:55:15
n331,u223,s4,Beginner,30,2,Online,Anywhere,One student-to-student session,Active,2026-10-02 16:55:15,2026-10-02 16:55:15
n332,u221,s13,Intermediate,90,1,Online,Anywhere,One student-to-student session,Active,2026-10-02 16:55:15,2026-10-02 16:55:15
n333,u141,s12,Intermediate,30,2,Online,Anywhere,One student-to-student session,Active,2026-10-02 16:55:15,2026-10-02 16:55:15
n334,u217,s32,Advanced,60,1,Either,HKUST,One student-to-student session,Active,2026-10-02 16:55:15,2026-10-02 16:55:15
n335,u290,s2,Beginner,60,1,Offline,Kowloon,One student-to-student session,Active,2026-10-02 16:55:15,2026-10-02 16:55:15
n336,u280,s2,Beginner,45,1,Either,HKU,One student-to-student session,Active,2026-10-02 16:55:15,2026-10-02 16:55:15
n337,u64,s32,Advanced,30,1,Either,HKUST,One student-to-student session,Active,2026-10-02 16:55:15,2026-10-02 16:55:15
n338,u263,s1,Expert,30,1,Online,Anywhere,One student-to-student session,Active,2026-10-02 16:55:15,2026-10-02 16:55:15
n339,u287,s24,Intermediate,30,1,Offline,HKU,One student-to-student session,Active,2026-10-02 16:55:15,2026-10-02 16:55:15
n34,u2,s13,Intermediate,30,1,Online,Anywhere,Presentation layout,Active,2026-10-02 15:59:05,2026-10-02 15:59:05
n340,u272,s29,Intermediate,90,1,Either,HKU,One student-to-student session,Active,2026-10-02 16:55:15,2026-10-02 16:55:15
n341,u172,s12,Intermediate,30,1,Either,Anywhere,One student-to-student session,Active,2026-10-02 16:55:15,2026-10-02 16:55:15
n342,u127,s19,Intermediate,90,1,Offline,HKU,One student-to-student session,Active,2026-10-02 16:55:15,2026-10-02 16:55:15
n343,u102,s11,Advanced,45,2,Offline,Central,One student-to-student session,Active,2026-10-02 16:55:15,2026-10-02 16:55:15
n344,u90,s13,Advanced,45,1,Offline,HKU,One student-to-student session,Active,2026-10-02 16:55:15,2026-10-02 16:55:15
n345,u91,s31,Advanced,30,1,Offline,HKU,One student-to-student session,Active,2026-10-02 16:55:15,2026-10-02 16:55:15
n346,u266,s4,Intermediate,30,1,Offline,HKU,One student-to-student session,Active,2026-10-02 16:55:15,2026-10-02 16:55:15
n347,u77,s34,Advanced,90,1,Online,Anywhere,One student-to-student session,Active,2026-10-02 16:55:15,2026-10-02 16:55:15
n348,u275,s48,Intermediate,60,1,Online,Anywhere,One student-to-student session,Active,2026-10-02 16:55:15,2026-10-02 16:55:15
n349,u111,s31,Beginner,30,1,Offline,HKU,One student-to-student session,Active,2026-10-02 16:55:15,2026-10-02 16:55:15
n35,u7,s21,Intermediate,30,1,Online,Anywhere,Piano chords,Paused,2026-10-02 15:59:05,2026-10-02 15:59:05
n350,u259,s6,Advanced,30,1,Either,HKU,One student-to-student session,Active,2026-10-02 16:55:15,2026-10-02 16:55:15
n351,u268,s19,Beginner,30,1,Either,HKU,One student-to-student session,Active,2026-10-02 16:55:15,2026-10-02 16:55:15
n352,u76,s31,Beginner,45,1,Offline,HKU,One student-to-student session,Active,2026-10-02 16:55:15,2026-10-02 16:55:15
n353,u144,s28,Intermediate,60,2,Online,Anywhere,One student-to-student session,Active,2026-10-02 16:55:15,2026-10-02 16:55:15
n354,u84,s48,Beginner,30,1,Online,Anywhere,One student-to-student session,Active,2026-10-02 16:55:15,2026-10-02 16:55:15
n355,u114,s4,Expert,30,2,Either,Anywhere,One student-to-student session,Active,2026-10-02 16:55:15,2026-10-02 16:55:15
n356,u122,s28,Intermediate,45,1,Online,Anywhere,One student-to-student session,Active,2026-10-02 16:55:15,2026-10-02 16:55:15
n357,u132,s34,Beginner,60,2,Either,HKU,One student-to-student session,Active,2026-10-02 16:55:15,2026-10-02 16:55:15
n358,u83,s28,Intermediate,60,1,Offline,HKU,One student-to-student session,Active,2026-10-02 16:55:15,2026-10-02 16:55:15
n359,u240,s13,Intermediate,30,1,Offline,HKU,One student-to-student session,Active,2026-10-02 16:55:15,2026-10-02 16:55:15
n36,u8,s22,Intermediate,30,1,Online,Anywhere,Poster design,Active,2026-10-02 15:59:05,2026-10-02 15:59:05
n360,u153,s49,Intermediate,30,1,Offline,HKUST,One student-to-student session,Active,2026-10-02 16:55:15,2026-10-02 16:55:15
n361,u283,s11,Beginner,60,1,Offline,HKU,One student-to-student session,Active,2026-10-02 16:55:15,2026-10-02 16:55:15
n362,u253,s20,Intermediate,60,2,Online,Anywhere,One student-to-student session,Active,2026-10-02 16:55:15,2026-10-02 16:55:15
n363,u169,s29,Intermediate,45,1,Offline,Kowloon,One student-to-student session,Active,2026-10-02 16:55:15,2026-10-02 16:55:15
n364,u151,s23,Intermediate,45,1,Online,Anywhere,One student-to-student session,Active,2026-10-02 16:55:15,2026-10-02 16:55:15
n365,u107,s19,Beginner,60,1,Online,Anywhere,One student-to-student session,Active,2026-10-02 16:55:15,2026-10-02 16:55:15
n366,u216,s22,Beginner,45,1,Offline,HKU,One student-to-student session,Active,2026-10-02 16:55:15,2026-10-02 16:55:15
n367,u95,s32,Intermediate,60,1,Either,Anywhere,One student-to-student session,Active,2026-10-02 16:55:15,2026-10-02 16:55:15
n368,u246,s39,Intermediate,30,1,Online,Anywhere,One student-to-student session,Active,2026-10-02 16:55:15,2026-10-02 16:55:15
n369,u214,s40,Intermediate,60,1,Offline,HKU,One student-to-student session,Active,2026-10-02 16:55:15,2026-10-02 16:55:15
n37,u11,s12,Beginner,60,2,Offline,HKU,Two longer meal-prep sessions,Active,2026-10-02 15:59:05,2026-10-02 15:59:05
n370,u98,s35,Intermediate,45,1,Offline,Central,One student-to-student session,Active,2026-10-02 16:55:15,2026-10-02 16:55:15
n371,u247,s29,Intermediate,45,1,Online,Anywhere,One student-to-student session,Active,2026-10-02 16:55:15,2026-10-02 16:55:15
n372,u116,s12,Beginner,30,1,Offline,HKU,One student-to-student session,Active,2026-10-02 16:55:15,2026-10-02 16:55:15
n373,u115,s43,Intermediate,30,3,Offline,HKU,One student-to-student session,Active,2026-10-02 16:55:15,2026-10-02 16:55:15
n374,u142,s8,Intermediate,45,1,Either,Anywhere,One student-to-student session,Active,2026-10-02 16:55:15,2026-10-02 16:55:15
n375,u136,s41,Intermediate,90,1,Offline,HKU,One student-to-student session,Active,2026-10-02 16:55:15,2026-10-02 16:55:15
n376,u164,s15,Advanced,30,1,Offline,HKU,One student-to-student session,Active,2026-10-02 16:55:15,2026-10-02 16:55:15
n377,u235,s44,Advanced,45,1,Either,HKU,One student-to-student session,Active,2026-10-02 16:55:15,2026-10-02 16:55:15
n378,u103,s29,Advanced,30,1,Either,HKU,One student-to-student session,Active,2026-10-02 16:55:15,2026-10-02 16:55:15
n379,u103,s37,Beginner,30,1,Offline,HKU,One student-to-student session,Paused,2026-10-02 16:55:15,2026-10-02 16:55:15
n38,u16,s15,Intermediate,45,1,Offline,HKUST,Phone photography lesson,Active,2026-10-02 15:59:05,2026-10-02 15:59:05
n380,u80,s16,Beginner,45,1,Online,Anywhere,One student-to-student session,Active,2026-10-02 16:55:15,2026-10-02 16:55:15
n381,u234,s31,Advanced,60,1,Offline,HKU,One student-to-student session,Active,2026-10-02 16:55:15,2026-10-02 16:55:15
n382,u140,s31,Intermediate,45,2,Online,Anywhere,One student-to-student session,Active,2026-10-02 16:55:15,2026-10-02 16:55:15
n383,u252,s20,Intermediate,30,1,Online,Anywhere,One student-to-student session,Active,2026-10-02 16:55:15,2026-10-02 16:55:15
n384,u123,s43,Beginner,30,2,Offline,HKU,One student-to-student session,Active,2026-10-02 16:55:15,2026-10-02 16:55:15
n385,u48,s16,Intermediate,45,1,Either,HKU,One student-to-student session,Active,2026-10-02 16:55:15,2026-10-02 16:55:15
n386,u44,s13,Beginner,45,1,Online,Anywhere,One student-to-student session,Active,2026-10-02 16:55:15,2026-10-02 16:55:15
n387,u112,s17,Intermediate,30,3,Offline,HKU,One student-to-student session,Active,2026-10-02 16:55:15,2026-10-02 16:55:15
n388,u257,s11,Intermediate,30,1,Online,Anywhere,One student-to-student session,Active,2026-10-02 16:55:15,2026-10-02 16:55:15
n389,u46,s31,Intermediate,45,1,Online,Anywhere,One student-to-student session,Active,2026-10-02 16:55:15,2026-10-02 16:55:15
n39,u25,s5,Intermediate,45,1,Online,Anywhere,Longer guitar lesson,Active,2026-10-02 15:59:05,2026-10-02 15:59:05
n390,u254,s34,Intermediate,30,1,Offline,HKU,One student-to-student session,Active,2026-10-02 16:55:15,2026-10-02 16:55:15
n391,u173,s21,Intermediate,30,1,Either,HKU,One student-to-student session,Active,2026-10-02 16:55:15,2026-10-02 16:55:15
n392,u94,s24,Advanced,30,1,Online,Anywhere,One student-to-student session,Active,2026-10-02 16:55:15,2026-10-02 16:55:15
n393,u159,s44,Advanced,45,1,Online,Anywhere,One student-to-student session,Active,2026-10-02 16:55:15,2026-10-02 16:55:15
n394,u239,s29,Advanced,30,3,Online,Anywhere,One student-to-student session,Active,2026-10-02 16:55:15,2026-10-02 16:55:15
n395,u288,s42,Intermediate,45,1,Offline,HKU,One student-to-student session,Paused,2026-10-02 16:55:15,2026-10-02 16:55:15
n396,u166,s43,Advanced,45,1,Offline,HKU,One student-to-student session,Active,2026-10-02 16:55:15,2026-10-02 16:55:15
n397,u240,s24,Beginner,30,2,Offline,HKU,One student-to-student session,Active,2026-10-02 16:55:15,2026-10-02 16:55:15
n398,u65,s33,Advanced,30,2,Offline,HKU,One student-to-student session,Active,2026-10-02 16:55:15,2026-10-02 16:55:15
n399,u215,s13,Beginner,30,1,Online,Anywhere,One student-to-student session,Active,2026-10-02 16:55:15,2026-10-02 16:55:15
n4,u4,s3,Intermediate,60,1,Offline,HKU,Portrait composition,Active,2026-10-02 14:03:34,2026-10-02 14:03:34
n40,u30,s10,Intermediate,30,1,Online,Anywhere,Online tennis coaching,Active,2026-10-02 15:59:05,2026-10-02 15:59:05
n400,u60,s18,Intermediate,30,1,Offline,HKU,One student-to-student session,Active,2026-10-02 16:55:15,2026-10-02 16:55:15
n401,u288,s4,Intermediate,30,1,Either,Anywhere,One student-to-student session,Active,2026-10-02 16:55:15,2026-10-02 16:55:15
n402,u143,s38,Advanced,45,1,Offline,HKUST,One student-to-student session,Active,2026-10-02 16:55:15,2026-10-02 16:55:15
n403,u256,s3,Intermediate,30,1,Either,HKU,One student-to-student session,Active,2026-10-02 16:55:15,2026-10-02 16:55:15
n404,u250,s49,Intermediate,30,1,Offline,HKU,One student-to-student session,Active,2026-10-02 16:55:15,2026-10-02 16:55:15
n405,u67,s31,Advanced,30,1,Online,Anywhere,One student-to-student session,Active,2026-10-02 16:55:15,2026-10-02 16:55:15
n406,u58,s2,Intermediate,30,2,Either,HKU,One student-to-student session,Active,2026-10-02 16:55:15,2026-10-02 16:55:15
n407,u244,s11,Beginner,90,1,Either,HKU,One student-to-student session,Active,2026-10-02 16:55:15,2026-10-02 16:55:15
n408,u299,s29,Intermediate,30,1,Either,HKU,One student-to-student session,Active,2026-10-02 16:55:15,2026-10-02 16:55:15
n409,u42,s31,Beginner,45,1,Either,Anywhere,One student-to-student session,Active,2026-10-02 16:55:15,2026-10-02 16:55:15
n41,u33,s27,Intermediate,30,1,Offline,HKU,Rehearse one short speech,Active,2026-10-03 00:00:00,2026-10-03 00:00:00
n410,u170,s33,Intermediate,30,1,Online,Anywhere,One student-to-student session,Active,2026-10-02 16:55:15,2026-10-02 16:55:15
n411,u174,s50,Intermediate,30,1,Online,Anywhere,One student-to-student session,Active,2026-10-02 16:55:15,2026-10-02 16:55:15
n412,u74,s22,Advanced,60,2,Offline,HKUST,One student-to-student session,Active,2026-10-02 16:55:15,2026-10-02 16:55:15
n413,u163,s35,Intermediate,30,1,Offline,HKU,One student-to-student session,Active,2026-10-02 16:55:15,2026-10-02 16:55:15
n414,u251,s4,Intermediate,30,1,Offline,HKU,One student-to-student session,Active,2026-10-02 16:55:15,2026-10-02 16:55:15
n415,u45,s45,Advanced,60,1,Offline,HKU,One student-to-student session,Active,2026-10-02 16:55:15,2026-10-02 16:55:15
n416,u152,s17,Intermediate,45,1,Either,HKU,One student-to-student session,Active,2026-10-02 16:55:15,2026-10-02 16:55:15
n417,u51,s20,Intermediate,45,1,Either,HKUST,One student-to-student session,Active,2026-10-02 16:55:15,2026-10-02 16:55:15
n418,u137,s12,Intermediate,60,1,Either,HKU,One student-to-student session,Active,2026-10-02 16:55:15,2026-10-02 16:55:15
n419,u67,s37,Advanced,45,1,Offline,HKU,One student-to-student session,Active,2026-10-02 16:55:15,2026-10-02 16:55:15
n42,u34,s25,Intermediate,30,1,Offline,HKU,Learn one simple origami model,Active,2026-10-03 00:00:00,2026-10-03 00:00:00
n420,u295,s6,Intermediate,30,1,Either,HKU,One student-to-student session,Active,2026-10-02 16:55:15,2026-10-02 16:55:15
n421,u294,s38,Intermediate,45,1,Online,Anywhere,One student-to-student session,Active,2026-10-02 16:55:15,2026-10-02 16:55:15
n422,u247,s45,Beginner,30,1,Offline,HKU,One student-to-student session,Active,2026-10-02 16:55:15,2026-10-02 16:55:15
n423,u222,s18,Intermediate,45,1,Either,Anywhere,One student-to-student session,Active,2026-10-02 16:55:15,2026-10-02 16:55:15
n424,u284,s7,Beginner,60,2,Online,Anywhere,One student-to-student session,Active,2026-10-02 16:55:15,2026-10-02 16:55:15
n425,u56,s11,Beginner,90,1,Online,Anywhere,One student-to-student session,Active,2026-10-02 16:55:15,2026-10-02 16:55:15
n426,u69,s20,Advanced,45,1,Online,Anywhere,One student-to-student session,Active,2026-10-02 16:55:15,2026-10-02 16:55:15
n427,u228,s5,Intermediate,30,1,Offline,HKU,One student-to-student session,Active,2026-10-02 16:55:15,2026-10-02 16:55:15
n428,u71,s44,Intermediate,30,1,Offline,HKU,One student-to-student session,Active,2026-10-02 16:55:15,2026-10-02 16:55:15
n429,u276,s46,Advanced,30,1,Offline,HKUST,One student-to-student session,Active,2026-10-02 16:55:15,2026-10-02 16:55:15
n43,u35,s26,Intermediate,30,1,Offline,HKU,Organize one small study area,Active,2026-10-03 00:00:00,2026-10-03 00:00:00
n430,u66,s5,Expert,45,1,Offline,HKU,One student-to-student session,Paused,2026-10-02 16:55:15,2026-10-02 16:55:15
n431,u143,s42,Intermediate,90,1,Offline,Kowloon,One student-to-student session,Active,2026-10-02 16:55:15,2026-10-02 16:55:15
n432,u285,s29,Intermediate,60,2,Online,Anywhere,One student-to-student session,Active,2026-10-02 16:55:15,2026-10-02 16:55:15
n433,u58,s47,Advanced,30,1,Online,Anywhere,One student-to-student session,Active,2026-10-02 16:55:15,2026-10-02 16:55:15
n434,u264,s21,Intermediate,60,1,Offline,HKU,One student-to-student session,Active,2026-10-02 16:55:15,2026-10-02 16:55:15
n435,u218,s32,Intermediate,30,1,Online,Anywhere,One student-to-student session,Active,2026-10-02 16:55:15,2026-10-02 16:55:15
n436,u156,s48,Expert,30,1,Offline,HKU,One student-to-student session,Paused,2026-10-02 16:55:15,2026-10-02 16:55:15
n437,u131,s34,Intermediate,60,2,Online,Anywhere,One student-to-student session,Active,2026-10-02 16:55:15,2026-10-02 16:55:15
n438,u96,s29,Beginner,30,1,Offline,HKUST,One student-to-student session,Active,2026-10-02 16:55:15,2026-10-02 16:55:15
n439,u167,s42,Intermediate,30,1,Online,Anywhere,One student-to-student session,Active,2026-10-02 16:55:15,2026-10-02 16:55:15
n44,u37,s29,Intermediate,45,1,Online,Anywhere,One student-to-student session,Active,2026-10-02 16:55:15,2026-10-02 16:55:15
n440,u124,s10,Advanced,30,1,Offline,HKU,One student-to-student session,Active,2026-10-02 16:55:15,2026-10-02 16:55:15
n441,u170,s17,Intermediate,45,1,Online,Anywhere,One student-to-student session,Active,2026-10-02 16:55:15,2026-10-02 16:55:15
n442,u168,s36,Beginner,30,1,Offline,HKU,One student-to-student session,Active,2026-10-02 16:55:15,2026-10-02 16:55:15
n443,u53,s48,Intermediate,30,1,Online,Anywhere,One student-to-student session,Active,2026-10-02 16:55:15,2026-10-02 16:55:15
n444,u300,s39,Beginner,30,1,Online,Anywhere,One student-to-student session,Active,2026-10-02 16:55:15,2026-10-02 16:55:15
n445,u224,s2,Advanced,90,1,Either,HKU,One student-to-student session,Active,2026-10-02 16:55:15,2026-10-02 16:55:15
n446,u149,s32,Intermediate,90,1,Offline,HKU,One student-to-student session,Active,2026-10-02 16:55:15,2026-10-02 16:55:15
n447,u50,s34,Beginner,30,1,Offline,HKU,One student-to-student session,Active,2026-10-02 16:55:15,2026-10-02 16:55:15
n448,u261,s28,Intermediate,45,1,Online,Anywhere,One student-to-student session,Active,2026-10-02 16:55:15,2026-10-02 16:55:15
n449,u153,s39,Intermediate,30,1,Either,HKU,One student-to-student session,Active,2026-10-02 16:55:15,2026-10-02 16:55:15
n45,u36,s11,Intermediate,45,1,Online,Anywhere,One student-to-student session,Active,2026-10-02 16:55:15,2026-10-02 16:55:15
n450,u81,s45,Beginner,30,1,Offline,HKU,One student-to-student session,Active,2026-10-02 16:55:15,2026-10-02 16:55:15
n451,u114,s1,Beginner,30,1,Offline,HKU,One student-to-student session,Active,2026-10-02 16:55:15,2026-10-02 16:55:15
n452,u214,s1,Advanced,45,1,Online,Anywhere,One student-to-student session,Active,2026-10-02 16:55:15,2026-10-02 16:55:15
n453,u229,s44,Intermediate,30,1,Either,HKU,One student-to-student session,Active,2026-10-02 16:55:15,2026-10-02 16:55:15
n454,u49,s43,Expert,45,1,Offline,HKU,One student-to-student session,Active,2026-10-02 16:55:15,2026-10-02 16:55:15
n455,u265,s32,Intermediate,45,1,Online,Anywhere,One student-to-student session,Active,2026-10-02 16:55:15,2026-10-02 16:55:15
n456,u262,s5,Expert,60,1,Offline,HKU,One student-to-student session,Active,2026-10-02 16:55:15,2026-10-02 16:55:15
n457,u273,s18,Advanced,30,1,Offline,HKU,One student-to-student session,Active,2026-10-02 16:55:15,2026-10-02 16:55:15
n458,u271,s41,Advanced,45,1,Either,HKU,One student-to-student session,Active,2026-10-02 16:55:15,2026-10-02 16:55:15
n459,u249,s30,Beginner,45,1,Offline,HKU,One student-to-student session,Active,2026-10-02 16:55:15,2026-10-02 16:55:15
n46,u39,s31,Intermediate,30,1,Online,Anywhere,One student-to-student session,Active,2026-10-02 16:55:15,2026-10-02 16:55:15
n460,u291,s4,Advanced,60,1,Either,Anywhere,One student-to-student session,Active,2026-10-02 16:55:15,2026-10-02 16:55:15
n461,u100,s11,Intermediate,30,1,Offline,HKU,One student-to-student session,Active,2026-10-02 16:55:15,2026-10-02 16:55:15
n462,u121,s14,Beginner,30,2,Online,Anywhere,One student-to-student session,Active,2026-10-02 16:55:15,2026-10-02 16:55:15
n463,u62,s28,Intermediate,60,1,Online,Anywhere,One student-to-student session,Active,2026-10-02 16:55:15,2026-10-02 16:55:15
n464,u160,s38,Intermediate,45,1,Online,Anywhere,One student-to-student session,Active,2026-10-02 16:55:15,2026-10-02 16:55:15
n465,u63,s11,Intermediate,30,1,Offline,HKU,One student-to-student session,Active,2026-10-02 16:55:15,2026-10-02 16:55:15
n466,u217,s17,Intermediate,30,1,Offline,Kowloon,One student-to-student session,Active,2026-10-02 16:55:15,2026-10-02 16:55:15
n467,u93,s29,Intermediate,30,2,Online,Anywhere,One student-to-student session,Active,2026-10-02 16:55:15,2026-10-02 16:55:15
n468,u87,s32,Intermediate,60,1,Online,Anywhere,One student-to-student session,Active,2026-10-02 16:55:15,2026-10-02 16:55:15
n469,u212,s40,Intermediate,30,2,Online,Anywhere,One student-to-student session,Active,2026-10-02 16:55:15,2026-10-02 16:55:15
n47,u38,s3,Intermediate,30,1,Online,Anywhere,One student-to-student session,Active,2026-10-02 16:55:15,2026-10-02 16:55:15
n470,u243,s31,Intermediate,45,2,Offline,HKU,One student-to-student session,Active,2026-10-02 16:55:15,2026-10-02 16:55:15
n471,u75,s1,Beginner,30,1,Offline,HKU,One student-to-student session,Active,2026-10-02 16:55:15,2026-10-02 16:55:15
n472,u70,s15,Intermediate,45,1,Online,Anywhere,One student-to-student session,Active,2026-10-02 16:55:15,2026-10-02 16:55:15
n473,u61,s11,Intermediate,45,1,Either,HKU,One student-to-student session,Active,2026-10-02 16:55:15,2026-10-02 16:55:15
n474,u72,s45,Intermediate,60,1,Either,HKU,One student-to-student session,Paused,2026-10-02 16:55:15,2026-10-02 16:55:15
n475,u233,s29,Intermediate,90,1,Offline,HKU,One student-to-student session,Active,2026-10-02 16:55:15,2026-10-02 16:55:15
n476,u134,s39,Intermediate,60,1,Online,Anywhere,One student-to-student session,Active,2026-10-02 16:55:15,2026-10-02 16:55:15
n477,u147,s18,Intermediate,60,1,Offline,Kowloon,One student-to-student session,Active,2026-10-02 16:55:15,2026-10-02 16:55:15
n478,u73,s13,Advanced,45,1,Online,Anywhere,One student-to-student session,Active,2026-10-02 16:55:15,2026-10-02 16:55:15
n479,u79,s14,Beginner,45,1,Offline,HKU,One student-to-student session,Active,2026-10-02 16:55:15,2026-10-02 16:55:15
n48,u41,s31,Intermediate,45,1,Offline,HKUST,One student-to-student session,Active,2026-10-02 16:55:15,2026-10-02 16:55:15
n480,u104,s29,Intermediate,45,1,Offline,HKUST,One student-to-student session,Active,2026-10-02 16:55:15,2026-10-02 16:55:15
n481,u277,s5,Beginner,45,1,Either,HKUST,One student-to-student session,Active,2026-10-02 16:55:15,2026-10-02 16:55:15
n482,u213,s49,Intermediate,30,1,Online,Anywhere,One student-to-student session,Active,2026-10-02 16:55:15,2026-10-02 16:55:15
n483,u161,s35,Intermediate,60,1,Either,HKU,One student-to-student session,Active,2026-10-02 16:55:15,2026-10-02 16:55:15
n484,u279,s19,Advanced,45,1,Online,Anywhere,One student-to-student session,Active,2026-10-02 16:55:15,2026-10-02 16:55:15
n485,u165,s6,Intermediate,90,1,Offline,HKU,One student-to-student session,Active,2026-10-02 16:55:15,2026-10-02 16:55:15
n486,u262,s2,Beginner,45,1,Offline,HKU,One student-to-student session,Active,2026-10-02 16:55:15,2026-10-02 16:55:15
n487,u52,s13,Intermediate,30,1,Offline,Kowloon,One student-to-student session,Active,2026-10-02 16:55:15,2026-10-02 16:55:15
n488,u267,s43,Advanced,30,1,Online,Anywhere,One student-to-student session,Active,2026-10-02 16:55:15,2026-10-02 16:55:15
n489,u232,s29,Intermediate,45,1,Online,Anywhere,One student-to-student session,Active,2026-10-02 16:55:15,2026-10-02 16:55:15
n49,u40,s43,Intermediate,45,1,Offline,HKUST,One student-to-student session,Active,2026-10-02 16:55:15,2026-10-02 16:55:15
n490,u150,s14,Advanced,45,1,Online,Anywhere,One student-to-student session,Active,2026-10-02 16:55:15,2026-10-02 16:55:15
n491,u275,s2,Intermediate,30,1,Online,Anywhere,One student-to-student session,Active,2026-10-02 16:55:15,2026-10-02 16:55:15
n492,u74,s40,Intermediate,30,1,Online,Anywhere,One student-to-student session,Active,2026-10-02 16:55:15,2026-10-02 16:55:15
n493,u120,s15,Intermediate,30,1,Online,Anywhere,One student-to-student session,Active,2026-10-02 16:55:15,2026-10-02 16:55:15
n494,u230,s32,Intermediate,30,1,Online,Anywhere,One student-to-student session,Active,2026-10-02 16:55:15,2026-10-02 16:55:15
n495,u85,s46,Beginner,30,1,Online,Anywhere,One student-to-student session,Active,2026-10-02 16:55:15,2026-10-02 16:55:15
n496,u293,s11,Beginner,45,1,Offline,HKU,One student-to-student session,Active,2026-10-02 16:55:15,2026-10-02 16:55:15
n497,u78,s14,Intermediate,45,1,Online,Anywhere,One student-to-student session,Active,2026-10-02 16:55:15,2026-10-02 16:55:15
n498,u92,s13,Advanced,45,1,Online,Anywhere,One student-to-student session,Active,2026-10-02 16:55:15,2026-10-02 16:55:15
n499,u289,s37,Intermediate,30,1,Online,Anywhere,One student-to-student session,Active,2026-10-02 16:55:15,2026-10-02 16:55:15
n5,u5,s6,Intermediate,30,1,Online,Anywhere,Self introduction,Active,2026-10-02 14:03:34,2026-10-02 14:03:34
n50,u43,s17,Intermediate,30,1,Offline,HKUST,One student-to-student session,Active,2026-10-02 16:55:15,2026-10-02 16:55:15
n500,u118,s28,Intermediate,45,1,Either,Anywhere,One student-to-student session,Active,2026-10-02 16:55:15,2026-10-02 16:55:15
n51,u42,s6,Intermediate,30,1,Offline,HKUST,One student-to-student session,Active,2026-10-02 16:55:15,2026-10-02 16:55:15
n52,u45,s49,Intermediate,45,1,Offline,HKU,One student-to-student session,Active,2026-10-02 16:55:15,2026-10-02 16:55:15
n53,u44,s38,Intermediate,45,1,Offline,HKU,One student-to-student session,Active,2026-10-02 16:55:15,2026-10-02 16:55:15
n54,u47,s19,Intermediate,30,1,Online,Anywhere,One student-to-student session,Active,2026-10-02 16:55:15,2026-10-02 16:55:15
n55,u46,s49,Intermediate,30,1,Online,Anywhere,One student-to-student session,Active,2026-10-02 16:55:15,2026-10-02 16:55:15
n56,u49,s6,Intermediate,30,1,Online,Anywhere,One student-to-student session,Active,2026-10-02 16:55:15,2026-10-02 16:55:15
n57,u48,s44,Intermediate,30,1,Online,Anywhere,One student-to-student session,Active,2026-10-02 16:55:15,2026-10-02 16:55:15
n58,u51,s32,Intermediate,30,1,Online,Anywhere,One student-to-student session,Active,2026-10-02 16:55:15,2026-10-02 16:55:15
n59,u50,s19,Intermediate,30,1,Online,Anywhere,One student-to-student session,Active,2026-10-02 16:55:15,2026-10-02 16:55:15
n6,u6,s5,Intermediate,30,1,Online,Anywhere,Four chords,Active,2026-10-02 14:03:34,2026-10-02 14:03:34
n60,u53,s44,Intermediate,30,1,Offline,HKU,One student-to-student session,Active,2026-10-02 16:55:15,2026-10-02 16:55:15
n61,u52,s1,Intermediate,30,1,Offline,HKU,One student-to-student session,Active,2026-10-02 16:55:15,2026-10-02 16:55:15
n62,u55,s15,Intermediate,45,1,Offline,HKU,One student-to-student session,Active,2026-10-02 16:55:15,2026-10-02 16:55:15
n63,u54,s34,Intermediate,45,1,Offline,HKU,One student-to-student session,Active,2026-10-02 16:55:15,2026-10-02 16:55:15
n64,u57,s2,Intermediate,45,1,Either,HKU,One student-to-student session,Active,2026-10-02 16:55:15,2026-10-02 16:55:15
n65,u56,s49,Intermediate,45,1,Either,HKU,One student-to-student session,Active,2026-10-02 16:55:15,2026-10-02 16:55:15
n66,u59,s7,Intermediate,30,1,Online,Anywhere,One student-to-student session,Active,2026-10-02 16:55:15,2026-10-02 16:55:15
n67,u58,s39,Intermediate,30,1,Online,Anywhere,One student-to-student session,Active,2026-10-02 16:55:15,2026-10-02 16:55:15
n68,u61,s15,Intermediate,30,1,Offline,HKU,One student-to-student session,Active,2026-10-02 16:55:15,2026-10-02 16:55:15
n69,u60,s3,Intermediate,30,1,Offline,HKU,One student-to-student session,Active,2026-10-02 16:55:15,2026-10-02 16:55:15
n7,u7,s8,Intermediate,30,1,Online,Anywhere,Mandarin speaking,Active,2026-10-02 14:03:34,2026-10-02 14:03:34
n70,u63,s43,Intermediate,45,1,Online,Anywhere,One student-to-student session,Active,2026-10-02 16:55:15,2026-10-02 16:55:15
n71,u62,s4,Intermediate,45,1,Online,Anywhere,One student-to-student session,Active,2026-10-02 16:55:15,2026-10-02 16:55:15
n72,u65,s15,Intermediate,30,1,Offline,HKU,One student-to-student session,Active,2026-10-02 16:55:15,2026-10-02 16:55:15
n73,u64,s13,Intermediate,30,1,Offline,HKU,One student-to-student session,Active,2026-10-02 16:55:15,2026-10-02 16:55:15
n74,u67,s35,Intermediate,30,1,Offline,HKU,One student-to-student session,Active,2026-10-02 16:55:15,2026-10-02 16:55:15
n75,u66,s17,Intermediate,30,1,Offline,HKU,One student-to-student session,Active,2026-10-02 16:55:15,2026-10-02 16:55:15
n76,u69,s33,Intermediate,30,1,Offline,HKU,One student-to-student session,Active,2026-10-02 16:55:15,2026-10-02 16:55:15
n77,u68,s4,Intermediate,30,1,Offline,HKU,One student-to-student session,Active,2026-10-02 16:55:15,2026-10-02 16:55:15
n78,u71,s6,Intermediate,45,1,Offline,HKU,One student-to-student session,Active,2026-10-02 16:55:15,2026-10-02 16:55:15
n79,u70,s48,Intermediate,45,1,Offline,HKU,One student-to-student session,Active,2026-10-02 16:55:15,2026-10-02 16:55:15
n8,u8,s7,Intermediate,30,1,Online,Anywhere,Improve one CV,Active,2026-10-02 14:03:34,2026-10-02 14:03:34
n80,u73,s28,Intermediate,45,1,Offline,HKU,One student-to-student session,Active,2026-10-02 16:55:15,2026-10-02 16:55:15
n81,u72,s18,Intermediate,45,1,Offline,HKU,One student-to-student session,Active,2026-10-02 16:55:15,2026-10-02 16:55:15
n82,u75,s34,Intermediate,30,1,Offline,HKU,One student-to-student session,Active,2026-10-02 16:55:15,2026-10-02 16:55:15
n83,u74,s45,Intermediate,30,1,Offline,HKU,One student-to-student session,Active,2026-10-02 16:55:15,2026-10-02 16:55:15
n84,u77,s46,Intermediate,30,1,Offline,HKU,One student-to-student session,Active,2026-10-02 16:55:15,2026-10-02 16:55:15
n85,u76,s11,Intermediate,30,1,Offline,HKU,One student-to-student session,Active,2026-10-02 16:55:15,2026-10-02 16:55:15
n86,u79,s24,Intermediate,45,1,Either,HKU,One student-to-student session,Active,2026-10-02 16:55:15,2026-10-02 16:55:15
n87,u78,s28,Intermediate,45,1,Either,HKU,One student-to-student session,Active,2026-10-02 16:55:15,2026-10-02 16:55:15
n88,u81,s33,Intermediate,30,1,Offline,HKU,One student-to-student session,Active,2026-10-02 16:55:15,2026-10-02 16:55:15
n89,u80,s19,Intermediate,30,1,Offline,HKU,One student-to-student session,Active,2026-10-02 16:55:15,2026-10-02 16:55:15
n9,u9,s10,Intermediate,60,1,Offline,HKU,Tennis basics,Active,2026-10-02 14:03:34,2026-10-02 14:03:34
n90,u83,s44,Intermediate,45,1,Offline,HKU,One student-to-student session,Active,2026-10-02 16:55:15,2026-10-02 16:55:15
n91,u82,s36,Intermediate,45,1,Offline,HKU,One student-to-student session,Active,2026-10-02 16:55:15,2026-10-02 16:55:15
n92,u85,s1,Intermediate,45,1,Offline,HKU,One student-to-student session,Active,2026-10-02 16:55:15,2026-10-02 16:55:15
n93,u84,s22,Intermediate,45,1,Offline,HKU,One student-to-student session,Active,2026-10-02 16:55:15,2026-10-02 16:55:15
n94,u87,s38,Intermediate,45,1,Offline,Central,One student-to-student session,Active,2026-10-02 16:55:15,2026-10-02 16:55:15
n95,u86,s10,Intermediate,45,1,Offline,Central,One student-to-student session,Active,2026-10-02 16:55:15,2026-10-02 16:55:15
n96,u89,s47,Intermediate,30,1,Online,Anywhere,One student-to-student session,Active,2026-10-02 16:55:15,2026-10-02 16:55:15
n97,u88,s12,Intermediate,30,1,Online,Anywhere,One student-to-student session,Active,2026-10-02 16:55:15,2026-10-02 16:55:15
n98,u91,s2,Intermediate,45,1,Online,Anywhere,One student-to-student session,Active,2026-10-02 16:55:15,2026-10-02 16:55:15
n99,u90,s15,Intermediate,45,1,Online,Anywhere,One student-to-student session,Active,2026-10-02 16:55:15,2026-10-02 16:55:15
