need_id,slot_id
n1,3
n10,3
n100,4
n101,1
n101,4
n102,1
n102,8
n103,2
n103,6
n103,8
n104,5
n105,5
n106,9
n107,9
n108,7
n109,7
n11,5
n110,3
n110,5
n111,5
n111,9
n112,4
n112,7
n113,4
n114,4
n114,9
n115,2
n115,4
n116,1
n116,7
n117,1
n118,5
n119,5
n12,5
n120,9
n121,4
n121,9
n122,5
n123,5
n123,8
n124,4
n125,4
n126,1
n126,8
n127,8
n127,9
n128,9
n129,9
n13,3
n130,2
n131,2
n131,3
n132,4
n133,4
n134,2
n134,7
n135,2
n136,4
n137,4
n138,2
n138,3
n139,3
n14,3
n140,7
n141,4
n141,7
n142,2
n142,3
n143,3
n144,2
n145,2
n145,7
n146,5
n147,3
n147,5
n148,2
n149,2
n15,7
n150,1
n150,7
n151,7
n152,9
n153,4
n153,9
n154,3
n154,5
n155,3
n156,2
n157,2
n158,2
n159,2
n16,7
n160,2
n161,2
n162,1
n163,1
n164,5
n165,5
n166,3
n166,5
n167,5
n167,9
n168,9
n169,2
n169,9
n17,2
n170,5
n171,5
n171,7
n172,3
n172,5
n172,7
n173,3
n174,3
n175,3
n176,9
n177,7
n177,9
n178,4
n178,8
n179,8
n18,2
n180,5
n181,5
n182,4
n182,7
n183,4
n184,6
n185,6
n186,6
n187,2
n187,3
n188,3
n188,8
n189,3
n189,6
n19,1
n190,3
n190,7
n191,3
n192,3
n192,8
n193,1
n193,9
n194,9
n195,9
n196,1
n196,8
n196,9
n197,1
n198,1
n199,1
n199,5
n2,3
n20,1
n200,5
n201,2
n201,5
n202,7
n203,7
n203,9
n204,3
n204,7
n205,2
n206,2
n207,2
n207,5
n208,1
n208,7
n209,1
n21,3
n210,1
n210,2
n211,4
n211,7
n212,4
n213,4
n214,6
n215,6
n216,6
n217,9
n218,3
n218,9
n219,1
n219,9
n22,3
n220,2
n221,7
n221,8
n222,6
n223,1
n223,3
n224,2
n225,2
n226,6
n227,1
n227,8
n228,3
n229,2
n229,6
n23,1
n230,6
n231,1
n231,8
n232,8
n233,9
n234,5
n235,8
n236,3
n236,9
n237,1
n237,5
n237,9
n238,4
n239,3
n24,1
n240,8
n241,3
n242,1
n242,5
n243,4
n243,9
n244,4
n245,6
n246,3
n246,6
n247,6
n248,5
n248,8
n249,2
n25,2
n250,6
n250,7
n251,7
n252,1
n252,4
n253,1
n253,4
n254,3
n254,6
n254,7
n255,3
n255,9
n256,1
n256,6
n257,6
n258,1
n259,9
n26,5
n260,6
n261,2
n261,6
n262,1
n262,4
n263,9
n264,2
n264,6
n265,8
n266,7
n267,3
n268,2
n269,3
n269,9
n27,1
n270,9
n271,2
n271,5
n271,9
n272,1
n273,8
n274,2
n274,8
n274,9
n275,7
n276,3
n276,9
n277,9
n278,9
n279,7
n279,8
n28,5
n280,1
n280,2
n281,3
n282,1
n282,9
n283,9
n284,1
n284,7
n285,2
n286,1
n286,5
n287,3
n288,6
n288,7
n289,7
n29,4
n290,3
n291,1
n292,1
n292,6
n293,4
n293,9
n294,6
n295,6
n296,5
n296,6
n297,9
n298,4
n298,8
n299,7
n3,5
n30,4
n300,5
n301,2
n302,5
n302,8
n303,1
n303,4
n304,3
n305,9
n306,5
n307,7
n308,4
n309,9
n31,4
n310,1
n310,6
n311,1
n312,2
n313,1
n313,3
n314,5
n314,6
n315,1
n315,6
n316,2
n317,5
n317,9
n318,7
n319,7
n32,4
n320,3
n321,1
n321,7
n322,3
n322,6
n323,2
n324,1
n324,2
n325,1
n325,6
n326,6
n327,8
n328,5
n329,5
n33,1
n330,1
n330,7
n331,1
n331,5
n331,9
n332,9
n333,1
n334,3
n335,2
n335,5
n336,2
n336,8
n337,8
n338,3
n339,4
n339,9
n34,3
n340,3
n340,7
n341,6
n341,7
n342,1
n343,2
n344,4
n345,9
n346,3
n346,6
n347,4
n347,7
n348,5
n349,8
n35,4
n350,5
n351,8
n352,1
n352,7
n353,3
n353,4
n354,3
n354,9
n355,4
n355,9
n356,4
n356,6
n357,7
n358,6
n358,9
n359,8
n36,1
n360,7
n361,3
n361,7
n362,1
n362,5
n363,1
n363,6
n363,8
n364,6
n365,1
n365,2
n366,4
n366,7
n367,9
n368,1
n369,7
n37,5
n370,3
n370,6
n371,8
n372,5
n373,2
n373,7
n374,2
n374,5
n375,4
n375,9
n376,4
n376,7
n377,4
n378,7
n378,9
n379,1
n379,2
n38,7
n380,2
n381,5
n381,6
n382,2
n382,3
n382,8
n383,4
n384,3
n384,5
n385,8
n386,3
n387,1
n387,8
n388,4
n388,5
n389,3
n389,4
n389,5
n39,2
n390,8
n391,3
n392,8
n393,7
n393,8
n394,7
n395,5
n396,6
n396,7
n397,5
n398,8
n399,2
n4,5
n40,4
n400,8
n401,1
n402,1
n403,8
n404,7
n404,9
n405,1
n406,2
n406,4
n407,5
n408,4
n409,2
n41,8
n410,3
n410,6
n411,3
n411,9
n412,9
n413,6
n414,2
n414,4
n415,6
n416,8
n417,2
n418,1
n418,4
n419,5
n419,7
n42,8
n420,9
n421,1
n422,4
n422,9
n423,4
n424,5
n424,6
n425,2
n426,7
n427,5
n427,6
n428,6
n429,3
n43,8
n430,7
n431,8
n432,1
n433,6
n434,6
n435,3
n435,8
n436,5
n436,8
n437,2
n437,3
n438,9
n439,6
n439,8
n44,4
n44,9
n440,5
n440,8
n441,2
n442,2
n443,1
n443,8
n444,2
n445,6
n446,2
n446,8
n447,9
n448,5
n449,2
n449,6
n449,8
n45,3
n45,9
n450,7
n451,9
n452,5
n453,9
n454,1
n455,5
n456,3
n457,5
n458,2
n458,9
n459,7
n459,8
n46,6
n460,1
n460,2
n461,3
n461,6
n462,3
n463,4
n464,8
n465,5
n466,4
n467,3
n467,9
n468,6
n468,8
n469,2
n469,3
n47,6
n470,3
n471,2
n472,5
n472,7
n473,3
n474,3
n474,7
n475,8
n476,5
n477,6
n478,5
n479,1
n479,4
n48,6
n480,2
n481,5
n482,6
n483,1
n484,1
n484,5
n485,1
n485,8
n486,5
n486,8
n487,3
n488,4
n488,8
n489,8
n49,6
n490,4
n490,8
n491,3
n492,1
n492,8
n493,2
n494,4
n494,5
n495,2
n496,4
n496,9
n497,7
n498,1
n498,6
n499,1
n499,4
n5,2
n50,7
n500,7
n500,8
n51,7
n52,6
n53,6
n54,7
n55,4
n55,7
n56,2
n57,2
n58,9
n59,6
n59,9
n6,3
n60,5
n61,5
n62,7
n63,7
n64,1
n64,3
n65,3
n66,8
n67,6
n67,8
n68,6
n69,6
n7,1
n70,1
n71,1
n72,4
n73,4
n74,1
n75,1
n75,2
n76,2
n77,2
n78,7
n78,8
n79,7
n8,1
n80,1
n81,1
n82,1
n83,1
n84,6
n84,9
n85,6
n86,4
n86,6
n87,6
n88,8
n89,8
n9,3
n90,6
n91,6
n92,2
n93,2
n94,2
n94,9
n95,2
n96,8
n97,1
n97,8
n98,1
n99,1
