offer_id,user_id,skill_id,level,duration_minutes,max_sessions,mode,location,value_adjustment,conditions,status,created_at,updated_at
o1,u1,s1,Advanced,45,1,Either,HKU,1.0,Beginner debugging only,Active,2026-10-02 14:03:34,2026-10-02 14:03:34
o10,u10,s10,Advanced,60,1,Offline,HKU,1.0,Beginner tennis,Active,2026-10-02 14:03:34,2026-10-02 14:03:34
o100,u92,s36,Advanced,60,1,Offline,HKUST,1.0,One student-to-student session,Active,2026-10-02 16:55:15,2026-10-02 16:55:15
o101,u93,s48,Advanced,60,1,Offline,HKUST,1.0,One student-to-student session,Active,2026-10-02 16:55:15,2026-10-02 16:55:15
o102,u94,s49,Advanced,30,1,Online,Anywhere,0.9,One student-to-student session,Active,2026-10-02 16:55:15,2026-10-02 16:55:15
o103,u95,s50,Advanced,30,1,Online,Anywhere,1.0,One student-to-student session,Active,2026-10-02 16:55:15,2026-10-02 16:55:15
o104,u96,s1,Advanced,45,1,Offline,HKU,1.0,One student-to-student session,Active,2026-10-02 16:55:15,2026-10-02 16:55:15
o105,u97,s46,Advanced,45,1,Offline,HKU,0.9,One student-to-student session,Active,2026-10-02 16:55:15,2026-10-02 16:55:15
o106,u98,s45,Advanced,45,1,Online,Anywhere,1.2,One student-to-student session,Active,2026-10-02 16:55:15,2026-10-02 16:55:15
o107,u99,s10,Advanced,45,1,Online,Anywhere,0.9,One student-to-student session,Active,2026-10-02 16:55:15,2026-10-02 16:55:15
o108,u100,s23,Advanced,45,1,Offline,Kowloon,1.0,One student-to-student session,Active,2026-10-02 16:55:15,2026-10-02 16:55:15
o109,u101,s2,Advanced,45,1,Offline,Kowloon,1.0,One student-to-student session,Active,2026-10-02 16:55:15,2026-10-02 16:55:15
o11,u11,s11,Advanced,30,1,Offline,HKU,1.0,Basic brake and tire checks,Active,2026-10-02 14:33:12,2026-10-02 14:33:12
o110,u102,s50,Advanced,45,1,Offline,HKU,1.0,One student-to-student session,Active,2026-10-02 16:55:15,2026-10-02 16:55:15
o111,u103,s48,Advanced,45,1,Offline,HKU,1.0,One student-to-student session,Active,2026-10-02 16:55:15,2026-10-02 16:55:15
o112,u104,s28,Advanced,45,1,Offline,HKU,1.0,One student-to-student session,Active,2026-10-02 16:55:15,2026-10-02 16:55:15
o113,u105,s13,Advanced,45,1,Offline,HKU,1.0,One student-to-student session,Active,2026-10-02 16:55:15,2026-10-02 16:55:15
o114,u106,s39,Advanced,45,1,Online,Anywhere,0.9,One student-to-student session,Active,2026-10-02 16:55:15,2026-10-02 16:55:15
o115,u107,s24,Advanced,45,1,Online,Anywhere,1.0,One student-to-student session,Active,2026-10-02 16:55:15,2026-10-02 16:55:15
o116,u108,s33,Advanced,45,1,Online,Anywhere,1.0,One student-to-student session,Active,2026-10-02 16:55:15,2026-10-02 16:55:15
o117,u109,s10,Advanced,45,1,Online,Anywhere,1.0,One student-to-student session,Active,2026-10-02 16:55:15,2026-10-02 16:55:15
o118,u110,s35,Advanced,30,1,Online,Anywhere,1.0,One student-to-student session,Active,2026-10-02 16:55:15,2026-10-02 16:55:15
o119,u111,s8,Advanced,30,1,Online,Anywhere,1.1,One student-to-student session,Active,2026-10-02 16:55:15,2026-10-02 16:55:15
o12,u12,s12,Intermediate,30,1,Offline,HKU,1.0,Simple student meals,Active,2026-10-02 14:33:12,2026-10-02 14:33:12
o120,u112,s47,Advanced,30,1,Offline,Central,1.0,One student-to-student session,Active,2026-10-02 16:55:15,2026-10-02 16:55:15
o121,u113,s15,Advanced,30,1,Offline,Central,0.9,One student-to-student session,Active,2026-10-02 16:55:15,2026-10-02 16:55:15
o122,u114,s50,Advanced,45,1,Either,HKU,1.1,One student-to-student session,Active,2026-10-02 16:55:15,2026-10-02 16:55:15
o123,u115,s24,Advanced,45,1,Either,HKU,0.9,One student-to-student session,Active,2026-10-02 16:55:15,2026-10-02 16:55:15
o124,u116,s23,Advanced,45,1,Offline,HKU,0.9,One student-to-student session,Active,2026-10-02 16:55:15,2026-10-02 16:55:15
o125,u117,s15,Advanced,45,1,Offline,HKU,1.1,One student-to-student session,Active,2026-10-02 16:55:15,2026-10-02 16:55:15
o126,u118,s12,Advanced,60,1,Online,Anywhere,1.0,One student-to-student session,Active,2026-10-02 16:55:15,2026-10-02 16:55:15
o127,u119,s29,Advanced,60,1,Online,Anywhere,1.1,One student-to-student session,Active,2026-10-02 16:55:15,2026-10-02 16:55:15
o128,u120,s7,Advanced,60,1,Offline,HKU,1.1,One student-to-student session,Active,2026-10-02 16:55:15,2026-10-02 16:55:15
o129,u121,s4,Advanced,60,1,Offline,HKU,1.1,One student-to-student session,Active,2026-10-02 16:55:15,2026-10-02 16:55:15
o13,u13,s13,Advanced,30,1,Online,Anywhere,1.0,One slide deck,Active,2026-10-02 14:33:12,2026-10-02 14:33:12
o130,u122,s31,Advanced,30,1,Online,Anywhere,1.0,One student-to-student session,Active,2026-10-02 16:55:15,2026-10-02 16:55:15
o131,u123,s6,Advanced,30,1,Online,Anywhere,0.8,One student-to-student session,Active,2026-10-02 16:55:15,2026-10-02 16:55:15
o132,u124,s8,Advanced,60,1,Offline,HKU,1.1,One student-to-student session,Active,2026-10-02 16:55:15,2026-10-02 16:55:15
o133,u125,s45,Advanced,60,1,Offline,HKU,1.0,One student-to-student session,Active,2026-10-02 16:55:15,2026-10-02 16:55:15
o134,u126,s24,Advanced,30,1,Online,Anywhere,0.9,One student-to-student session,Active,2026-10-02 16:55:15,2026-10-02 16:55:15
o135,u127,s20,Advanced,30,1,Online,Anywhere,1.0,One student-to-student session,Active,2026-10-02 16:55:15,2026-10-02 16:55:15
o136,u128,s10,Advanced,45,1,Either,Anywhere,1.0,One student-to-student session,Active,2026-10-02 16:55:15,2026-10-02 16:55:15
o137,u129,s49,Advanced,45,1,Either,Anywhere,0.9,One student-to-student session,Active,2026-10-02 16:55:15,2026-10-02 16:55:15
o138,u130,s30,Advanced,45,1,Either,Anywhere,0.9,One student-to-student session,Active,2026-10-02 16:55:15,2026-10-02 16:55:15
o139,u131,s38,Advanced,45,1,Either,Anywhere,1.0,One student-to-student session,Active,2026-10-02 16:55:15,2026-10-02 16:55:15
o14,u14,s14,Advanced,30,1,Online,Anywhere,1.0,Monthly budget template,Active,2026-10-02 14:33:12,2026-10-02 14:33:12
o140,u132,s50,Advanced,30,1,Offline,HKU,0.9,One student-to-student session,Active,2026-10-02 16:55:15,2026-10-02 16:55:15
o141,u133,s15,Advanced,30,1,Offline,HKU,1.0,One student-to-student session,Active,2026-10-02 16:55:15,2026-10-02 16:55:15
o142,u134,s14,Advanced,45,1,Online,Anywhere,0.8,One student-to-student session,Active,2026-10-02 16:55:15,2026-10-02 16:55:15
o143,u135,s33,Advanced,45,1,Online,Anywhere,1.0,One student-to-student session,Active,2026-10-02 16:55:15,2026-10-02 16:55:15
o144,u136,s47,Advanced,30,1,Offline,Central,0.9,One student-to-student session,Active,2026-10-02 16:55:15,2026-10-02 16:55:15
o145,u137,s40,Advanced,30,1,Offline,Central,1.0,One student-to-student session,Active,2026-10-02 16:55:15,2026-10-02 16:55:15
o146,u138,s50,Advanced,60,1,Offline,HKU,0.9,One student-to-student session,Active,2026-10-02 16:55:15,2026-10-02 16:55:15
o147,u139,s5,Advanced,60,1,Offline,HKU,1.0,One student-to-student session,Active,2026-10-02 16:55:15,2026-10-02 16:55:15
o148,u140,s47,Advanced,30,1,Online,Anywhere,1.1,One student-to-student session,Active,2026-10-02 16:55:15,2026-10-02 16:55:15
o149,u141,s37,Advanced,30,1,Online,Anywhere,1.0,One student-to-student session,Active,2026-10-02 16:55:15,2026-10-02 16:55:15
o15,u15,s15,Intermediate,30,1,Offline,HKU,1.0,Outdoor phone portraits,Active,2026-10-02 14:33:12,2026-10-02 14:33:12
o150,u142,s32,Advanced,30,1,Online,Anywhere,0.9,One student-to-student session,Active,2026-10-02 16:55:15,2026-10-02 16:55:15
o151,u143,s28,Advanced,30,1,Online,Anywhere,1.1,One student-to-student session,Active,2026-10-02 16:55:15,2026-10-02 16:55:15
o152,u144,s29,Advanced,60,1,Either,HKU,1.1,One student-to-student session,Active,2026-10-02 16:55:15,2026-10-02 16:55:15
o153,u145,s41,Advanced,60,1,Either,HKU,1.1,One student-to-student session,Active,2026-10-02 16:55:15,2026-10-02 16:55:15
o154,u146,s34,Advanced,45,1,Offline,Kowloon,1.0,One student-to-student session,Active,2026-10-02 16:55:15,2026-10-02 16:55:15
o155,u147,s7,Advanced,45,1,Offline,Kowloon,0.9,One student-to-student session,Active,2026-10-02 16:55:15,2026-10-02 16:55:15
o156,u148,s5,Advanced,30,1,Offline,HKU,1.0,One student-to-student session,Active,2026-10-02 16:55:15,2026-10-02 16:55:15
o157,u149,s24,Advanced,30,1,Offline,HKU,1.0,One student-to-student session,Active,2026-10-02 16:55:15,2026-10-02 16:55:15
o158,u150,s34,Advanced,45,1,Either,HKU,1.0,One student-to-student session,Active,2026-10-02 16:55:15,2026-10-02 16:55:15
o159,u151,s2,Advanced,45,1,Either,HKU,0.9,One student-to-student session,Active,2026-10-02 16:55:15,2026-10-02 16:55:15
o16,u16,s16,Advanced,30,1,Offline,HKU,1.0,Beginner exercise routine,Active,2026-10-02 14:33:12,2026-10-02 14:33:12
o160,u152,s28,Advanced,45,1,Offline,Central,1.0,One student-to-student session,Active,2026-10-02 16:55:15,2026-10-02 16:55:15
o161,u153,s23,Advanced,45,1,Offline,Central,0.9,One student-to-student session,Active,2026-10-02 16:55:15,2026-10-02 16:55:15
o162,u154,s17,Advanced,45,1,Online,Anywhere,1.1,One student-to-student session,Active,2026-10-02 16:55:15,2026-10-02 16:55:15
o163,u155,s5,Advanced,45,1,Online,Anywhere,1.2,One student-to-student session,Active,2026-10-02 16:55:15,2026-10-02 16:55:15
o164,u156,s41,Advanced,30,1,Offline,HKU,1.0,One student-to-student session,Active,2026-10-02 16:55:15,2026-10-02 16:55:15
o165,u157,s42,Advanced,30,1,Offline,HKU,0.8,One student-to-student session,Active,2026-10-02 16:55:15,2026-10-02 16:55:15
o166,u158,s32,Advanced,30,1,Online,Anywhere,0.9,One student-to-student session,Active,2026-10-02 16:55:15,2026-10-02 16:55:15
o167,u159,s30,Advanced,30,1,Online,Anywhere,1.0,One student-to-student session,Active,2026-10-02 16:55:15,2026-10-02 16:55:15
o168,u160,s45,Advanced,30,1,Offline,Kowloon,1.0,One student-to-student session,Active,2026-10-02 16:55:15,2026-10-02 16:55:15
o169,u161,s22,Advanced,30,1,Offline,Kowloon,0.9,One student-to-student session,Active,2026-10-02 16:55:15,2026-10-02 16:55:15
o17,u17,s17,Intermediate,30,1,Online,Anywhere,1.0,Three basic chords,Active,2026-10-02 14:33:12,2026-10-02 14:33:12
o170,u162,s13,Advanced,30,1,Online,Anywhere,0.9,One student-to-student session,Active,2026-10-02 16:55:15,2026-10-02 16:55:15
o171,u163,s47,Advanced,30,1,Online,Anywhere,1.0,One student-to-student session,Active,2026-10-02 16:55:15,2026-10-02 16:55:15
o172,u164,s41,Advanced,45,1,Either,HKU,0.8,One student-to-student session,Active,2026-10-02 16:55:15,2026-10-02 16:55:15
o173,u165,s20,Advanced,45,1,Either,HKU,1.0,One student-to-student session,Active,2026-10-02 16:55:15,2026-10-02 16:55:15
o174,u166,s6,Advanced,45,1,Online,Anywhere,1.0,One student-to-student session,Active,2026-10-02 16:55:15,2026-10-02 16:55:15
o175,u167,s19,Advanced,45,1,Online,Anywhere,0.9,One student-to-student session,Active,2026-10-02 16:55:15,2026-10-02 16:55:15
o176,u168,s40,Advanced,30,1,Offline,HKU,1.1,One student-to-student session,Active,2026-10-02 16:55:15,2026-10-02 16:55:15
o177,u169,s8,Advanced,30,1,Offline,HKU,0.9,One student-to-student session,Active,2026-10-02 16:55:15,2026-10-02 16:55:15
o178,u170,s30,Advanced,30,1,Online,Anywhere,1.2,One student-to-student session,Active,2026-10-02 16:55:15,2026-10-02 16:55:15
o179,u171,s12,Advanced,30,1,Online,Anywhere,1.0,One student-to-student session,Active,2026-10-02 16:55:15,2026-10-02 16:55:15
o18,u18,s18,Advanced,30,1,Online,Anywhere,1.0,Mock interview,Active,2026-10-02 14:33:12,2026-10-02 14:33:12
o180,u172,s36,Advanced,30,1,Offline,HKU,1.0,One student-to-student session,Active,2026-10-02 16:55:15,2026-10-02 16:55:15
o181,u173,s38,Advanced,30,1,Offline,HKU,0.9,One student-to-student session,Active,2026-10-02 16:55:15,2026-10-02 16:55:15
o182,u174,s49,Advanced,60,1,Offline,HKUST,1.1,One student-to-student session,Active,2026-10-02 16:55:15,2026-10-02 16:55:15
o183,u175,s6,Advanced,60,1,Offline,HKUST,1.0,One student-to-student session,Active,2026-10-02 16:55:15,2026-10-02 16:55:15
o184,u176,s39,Advanced,30,1,Offline,HKU,1.0,One student-to-student session,Active,2026-10-02 16:55:15,2026-10-02 16:55:15
o185,u177,s2,Advanced,30,1,Offline,HKU,1.0,One student-to-student session,Active,2026-10-02 16:55:15,2026-10-02 16:55:15
o186,u178,s30,Advanced,30,1,Offline,HKU,1.0,One student-to-student session,Active,2026-10-02 16:55:15,2026-10-02 16:55:15
o187,u179,s46,Advanced,30,1,Online,Anywhere,1.0,One student-to-student session,Active,2026-10-02 16:55:15,2026-10-02 16:55:15
o188,u180,s1,Advanced,30,1,Online,Anywhere,0.9,One student-to-student session,Active,2026-10-02 16:55:15,2026-10-02 16:55:15
o189,u181,s44,Advanced,30,1,Online,Anywhere,0.8,One student-to-student session,Active,2026-10-02 16:55:15,2026-10-02 16:55:15
o19,u19,s19,Intermediate,30,1,Offline,HKU,1.0,Clothing care basics,Active,2026-10-02 14:33:12,2026-10-02 14:33:12
o190,u182,s6,Advanced,30,1,Online,Anywhere,1.2,One student-to-student session,Active,2026-10-02 16:55:15,2026-10-02 16:55:15
o191,u183,s15,Advanced,30,1,Online,Anywhere,0.9,One student-to-student session,Active,2026-10-02 16:55:15,2026-10-02 16:55:15
o192,u184,s14,Advanced,30,1,Online,Anywhere,1.1,One student-to-student session,Active,2026-10-02 16:55:15,2026-10-02 16:55:15
o193,u185,s17,Advanced,30,1,Online,Anywhere,1.0,One student-to-student session,Active,2026-10-02 16:55:15,2026-10-02 16:55:15
o194,u186,s43,Advanced,30,1,Online,Anywhere,1.0,One student-to-student session,Active,2026-10-02 16:55:15,2026-10-02 16:55:15
o195,u187,s21,Advanced,30,1,Online,Anywhere,1.0,One student-to-student session,Active,2026-10-02 16:55:15,2026-10-02 16:55:15
o196,u188,s40,Advanced,30,1,Offline,HKUST,1.1,One student-to-student session,Active,2026-10-02 16:55:15,2026-10-02 16:55:15
o197,u189,s1,Advanced,30,1,Offline,HKUST,1.2,One student-to-student session,Active,2026-10-02 16:55:15,2026-10-02 16:55:15
o198,u190,s39,Advanced,30,1,Offline,HKUST,1.1,One student-to-student session,Active,2026-10-02 16:55:15,2026-10-02 16:55:15
o199,u191,s31,Advanced,30,1,Offline,HKU,1.0,One student-to-student session,Active,2026-10-02 16:55:15,2026-10-02 16:55:15
o2,u2,s2,Advanced,45,1,Either,HKU,1.0,Daily conversation,Active,2026-10-02 14:03:34,2026-10-02 14:03:34
o20,u20,s20,Expert,30,1,Offline,HKU,1.0,Campus tour and directions,Active,2026-10-02 14:33:12,2026-10-02 14:33:12
o200,u192,s15,Advanced,30,1,Offline,HKU,0.8,One student-to-student session,Active,2026-10-02 16:55:15,2026-10-02 16:55:15
o201,u193,s19,Advanced,30,1,Offline,HKU,1.0,One student-to-student session,Active,2026-10-02 16:55:15,2026-10-02 16:55:15
o202,u194,s35,Advanced,30,1,Offline,HKU,1.0,One student-to-student session,Active,2026-10-02 16:55:15,2026-10-02 16:55:15
o203,u195,s30,Advanced,30,1,Offline,HKU,1.0,One student-to-student session,Active,2026-10-02 16:55:15,2026-10-02 16:55:15
o204,u196,s48,Advanced,30,1,Offline,HKU,1.2,One student-to-student session,Active,2026-10-02 16:55:15,2026-10-02 16:55:15
o205,u197,s41,Advanced,30,1,Offline,HKU,1.1,One student-to-student session,Active,2026-10-02 16:55:15,2026-10-02 16:55:15
o206,u198,s1,Advanced,30,1,Offline,HKU,1.0,One student-to-student session,Active,2026-10-02 16:55:15,2026-10-02 16:55:15
o207,u199,s37,Advanced,30,1,Offline,HKU,1.2,One student-to-student session,Active,2026-10-02 16:55:15,2026-10-02 16:55:15
o208,u200,s39,Advanced,30,1,Offline,HKU,1.1,One student-to-student session,Active,2026-10-02 16:55:15,2026-10-02 16:55:15
o209,u201,s1,Advanced,30,1,Offline,HKU,1.0,One student-to-student session,Active,2026-10-02 16:55:15,2026-10-02 16:55:15
o21,u21,s2,Advanced,45,2,Either,HKU,1.0,Everyday Cantonese,Active,2026-10-02 15:59:05,2026-10-02 15:59:05
o210,u202,s20,Advanced,30,1,Offline,HKU,1.0,One student-to-student session,Active,2026-10-02 16:55:15,2026-10-02 16:55:15
o211,u203,s33,Advanced,30,1,Offline,HKU,1.1,One student-to-student session,Active,2026-10-02 16:55:15,2026-10-02 16:55:15
o212,u204,s35,Advanced,30,1,Offline,HKU,0.9,One student-to-student session,Active,2026-10-02 16:55:15,2026-10-02 16:55:15
o213,u205,s23,Advanced,30,1,Offline,HKU,1.0,One student-to-student session,Active,2026-10-02 16:55:15,2026-10-02 16:55:15
o214,u206,s19,Advanced,30,1,Online,Anywhere,1.0,One student-to-student session,Active,2026-10-02 16:55:15,2026-10-02 16:55:15
o215,u207,s4,Advanced,30,1,Online,Anywhere,1.2,One student-to-student session,Active,2026-10-02 16:55:15,2026-10-02 16:55:15
o216,u208,s24,Advanced,30,1,Online,Anywhere,0.9,One student-to-student session,Active,2026-10-02 16:55:15,2026-10-02 16:55:15
o217,u209,s28,Advanced,30,1,Offline,HKU,0.9,One student-to-student session,Active,2026-10-02 16:55:15,2026-10-02 16:55:15
o218,u210,s48,Advanced,30,1,Offline,HKU,1.0,One student-to-student session,Active,2026-10-02 16:55:15,2026-10-02 16:55:15
o219,u211,s23,Advanced,30,1,Offline,HKU,1.0,One student-to-student session,Active,2026-10-02 16:55:15,2026-10-02 16:55:15
o22,u22,s2,Expert,45,1,Either,HKU,1.2,Cantonese conversation,Active,2026-10-02 15:59:05,2026-10-02 15:59:05
o220,u212,s43,Beginner,30,2,Online,Anywhere,1.0,One student-to-student session,Active,2026-10-02 16:55:15,2026-10-02 16:55:15
o221,u213,s6,Expert,45,1,Online,Anywhere,0.9,One student-to-student session,Active,2026-10-02 16:55:15,2026-10-02 16:55:15
o222,u214,s41,Advanced,30,1,Offline,HKU,0.9,One student-to-student session,Active,2026-10-02 16:55:15,2026-10-02 16:55:15
o223,u215,s46,Intermediate,90,1,Online,Anywhere,1.1,One student-to-student session,Active,2026-10-02 16:55:15,2026-10-02 16:55:15
o224,u216,s10,Advanced,60,1,Online,Anywhere,1.0,One student-to-student session,Active,2026-10-02 16:55:15,2026-10-02 16:55:15
o225,u217,s15,Expert,30,2,Online,Anywhere,1.0,One student-to-student session,Active,2026-10-02 16:55:15,2026-10-02 16:55:15
o226,u218,s5,Intermediate,30,1,Offline,HKU,1.0,One student-to-student session,Active,2026-10-02 16:55:15,2026-10-02 16:55:15
o227,u219,s40,Advanced,30,1,Online,Anywhere,1.0,One student-to-student session,Active,2026-10-02 16:55:15,2026-10-02 16:55:15
o228,u220,s16,Advanced,90,2,Offline,HKU,0.9,One student-to-student session,Active,2026-10-02 16:55:15,2026-10-02 16:55:15
o229,u221,s40,Advanced,30,1,Offline,HKU,1.0,One student-to-student session,Active,2026-10-02 16:55:15,2026-10-02 16:55:15
o23,u23,s8,Advanced,30,1,Online,Anywhere,1.0,Mandarin speaking,Active,2026-10-02 15:59:05,2026-10-02 15:59:05
o230,u222,s47,Expert,30,1,Offline,HKU,1.1,One student-to-student session,Active,2026-10-02 16:55:15,2026-10-02 16:55:15
o231,u223,s1,Advanced,45,1,Either,HKU,1.0,One student-to-student session,Active,2026-10-02 16:55:15,2026-10-02 16:55:15
o232,u224,s31,Expert,30,1,Offline,HKUST,1.0,One student-to-student session,Active,2026-10-02 16:55:15,2026-10-02 16:55:15
o233,u225,s34,Intermediate,60,1,Online,Anywhere,0.9,One student-to-student session,Active,2026-10-02 16:55:15,2026-10-02 16:55:15
o234,u226,s42,Intermediate,30,1,Either,HKU,0.9,One student-to-student session,Active,2026-10-02 16:55:15,2026-10-02 16:55:15
o235,u227,s22,Beginner,30,2,Offline,HKUST,0.9,One student-to-student session,Active,2026-10-02 16:55:15,2026-10-02 16:55:15
o236,u228,s48,Expert,30,1,Offline,HKU,1.0,One student-to-student session,Active,2026-10-02 16:55:15,2026-10-02 16:55:15
o237,u229,s12,Intermediate,45,1,Online,Anywhere,1.0,One student-to-student session,Active,2026-10-02 16:55:15,2026-10-02 16:55:15
o238,u230,s1,Intermediate,60,1,Offline,HKU,0.9,One student-to-student session,Active,2026-10-02 16:55:15,2026-10-02 16:55:15
o239,u231,s17,Intermediate,45,2,Online,Anywhere,1.0,One student-to-student session,Active,2026-10-02 16:55:15,2026-10-02 16:55:15
o24,u24,s8,Intermediate,30,1,Online,Anywhere,1.1,Mandarin pronunciation,Active,2026-10-02 15:59:05,2026-10-02 15:59:05
o240,u232,s37,Intermediate,45,1,Offline,Kowloon,0.9,One student-to-student session,Active,2026-10-02 16:55:15,2026-10-02 16:55:15
o241,u233,s22,Intermediate,30,1,Online,Anywhere,0.9,One student-to-student session,Active,2026-10-02 16:55:15,2026-10-02 16:55:15
o242,u234,s10,Advanced,45,1,Offline,HKU,1.0,One student-to-student session,Active,2026-10-02 16:55:15,2026-10-02 16:55:15
o243,u235,s17,Intermediate,45,1,Offline,HKU,1.0,One student-to-student session,Active,2026-10-02 16:55:15,2026-10-02 16:55:15
o244,u236,s11,Expert,45,2,Offline,HKU,0.8,One student-to-student session,Active,2026-10-02 16:55:15,2026-10-02 16:55:15
o245,u237,s45,Advanced,45,1,Offline,HKU,1.1,One student-to-student session,Active,2026-10-02 16:55:15,2026-10-02 16:55:15
o246,u238,s12,Advanced,45,2,Online,Anywhere,1.1,One student-to-student session,Active,2026-10-02 16:55:15,2026-10-02 16:55:15
o247,u239,s14,Expert,90,1,Either,Anywhere,0.9,One student-to-student session,Active,2026-10-02 16:55:15,2026-10-02 16:55:15
o248,u240,s43,Advanced,90,1,Online,Anywhere,0.9,One student-to-student session,Active,2026-10-02 16:55:15,2026-10-02 16:55:15
o249,u241,s11,Beginner,45,1,Online,Anywhere,1.2,One student-to-student session,Active,2026-10-02 16:55:15,2026-10-02 16:55:15
o25,u25,s6,Expert,30,1,Online,Anywhere,1.0,English self-introduction,Active,2026-10-02 15:59:05,2026-10-02 15:59:05
o250,u242,s38,Intermediate,30,1,Online,Anywhere,1.0,One student-to-student session,Active,2026-10-02 16:55:15,2026-10-02 16:55:15
o251,u243,s21,Expert,30,1,Online,Anywhere,1.0,One student-to-student session,Active,2026-10-02 16:55:15,2026-10-02 16:55:15
o252,u244,s20,Advanced,45,1,Offline,HKUST,1.1,One student-to-student session,Active,2026-10-02 16:55:15,2026-10-02 16:55:15
o253,u245,s37,Expert,45,1,Online,Anywhere,1.0,One student-to-student session,Active,2026-10-02 16:55:15,2026-10-02 16:55:15
o254,u246,s21,Beginner,45,1,Online,Anywhere,1.0,One student-to-student session,Active,2026-10-02 16:55:15,2026-10-02 16:55:15
o255,u247,s39,Advanced,45,3,Offline,Kowloon,1.1,One student-to-student session,Active,2026-10-02 16:55:15,2026-10-02 16:55:15
o256,u248,s24,Expert,30,1,Offline,HKU,1.0,One student-to-student session,Active,2026-10-02 16:55:15,2026-10-02 16:55:15
o257,u249,s40,Expert,30,2,Offline,HKU,0.9,One student-to-student session,Active,2026-10-02 16:55:15,2026-10-02 16:55:15
o258,u250,s34,Intermediate,90,2,Either,Anywhere,1.0,One student-to-student session,Active,2026-10-02 16:55:15,2026-10-02 16:55:15
o259,u251,s5,Intermediate,30,1,Either,HKU,0.9,One student-to-student session,Active,2026-10-02 16:55:15,2026-10-02 16:55:15
o26,u26,s4,Advanced,60,2,Offline,HKU,1.2,Spreadsheet formulas,Active,2026-10-02 15:59:05,2026-10-02 15:59:05
o260,u252,s39,Advanced,45,1,Offline,Central,1.0,One student-to-student session,Active,2026-10-02 16:55:15,2026-10-02 16:55:15
o261,u253,s40,Beginner,90,3,Online,Anywhere,1.0,One student-to-student session,Active,2026-10-02 16:55:15,2026-10-02 16:55:15
o262,u254,s6,Beginner,60,1,Online,Anywhere,1.0,One student-to-student session,Active,2026-10-02 16:55:15,2026-10-02 16:55:15
o263,u255,s19,Intermediate,45,1,Either,HKU,0.9,One student-to-student session,Active,2026-10-02 16:55:15,2026-10-02 16:55:15
o264,u256,s11,Advanced,30,1,Either,HKU,0.8,One student-to-student session,Active,2026-10-02 16:55:15,2026-10-02 16:55:15
o265,u257,s32,Advanced,30,2,Offline,HKU,0.9,One student-to-student session,Active,2026-10-02 16:55:15,2026-10-02 16:55:15
o266,u258,s11,Intermediate,30,1,Online,Anywhere,1.0,One student-to-student session,Active,2026-10-02 16:55:15,2026-10-02 16:55:15
o267,u259,s10,Advanced,45,1,Offline,HKU,1.0,One student-to-student session,Active,2026-10-02 16:55:15,2026-10-02 16:55:15
o268,u260,s37,Advanced,45,1,Online,Anywhere,1.0,One student-to-student session,Active,2026-10-02 16:55:15,2026-10-02 16:55:15
o269,u261,s5,Beginner,30,1,Either,Anywhere,1.0,One student-to-student session,Active,2026-10-02 16:55:15,2026-10-02 16:55:15
o27,u27,s20,Expert,30,1,Offline,HKU,1.0,Campus facilities tour,Active,2026-10-02 15:59:05,2026-10-02 15:59:05
o270,u262,s12,Intermediate,30,1,Online,Anywhere,1.0,One student-to-student session,Active,2026-10-02 16:55:15,2026-10-02 16:55:15
o271,u263,s33,Intermediate,45,2,Offline,Kowloon,0.9,One student-to-student session,Active,2026-10-02 16:55:15,2026-10-02 16:55:15
o272,u264,s30,Beginner,30,1,Online,Anywhere,1.0,One student-to-student session,Active,2026-10-02 16:55:15,2026-10-02 16:55:15
o273,u265,s3,Intermediate,30,2,Online,Anywhere,1.1,One student-to-student session,Active,2026-10-02 16:55:15,2026-10-02 16:55:15
o274,u266,s44,Expert,30,1,Offline,HKU,1.1,One student-to-student session,Active,2026-10-02 16:55:15,2026-10-02 16:55:15
o275,u267,s22,Intermediate,30,1,Either,HKU,0.9,One student-to-student session,Active,2026-10-02 16:55:15,2026-10-02 16:55:15
o276,u268,s29,Advanced,60,2,Either,HKU,0.8,One student-to-student session,Active,2026-10-02 16:55:15,2026-10-02 16:55:15
o277,u269,s35,Advanced,30,1,Offline,HKUST,1.0,One student-to-student session,Active,2026-10-02 16:55:15,2026-10-02 16:55:15
o278,u270,s19,Expert,30,1,Offline,HKU,0.9,One student-to-student session,Active,2026-10-02 16:55:15,2026-10-02 16:55:15
o279,u271,s40,Advanced,45,1,Offline,HKU,1.2,One student-to-student session,Active,2026-10-02 16:55:15,2026-10-02 16:55:15
o28,u28,s11,Advanced,30,1,Offline,HKU,1.0,Bicycle tire check,Active,2026-10-02 15:59:05,2026-10-02 15:59:05
o280,u272,s24,Intermediate,30,1,Either,HKUST,1.0,One student-to-student session,Active,2026-10-02 16:55:15,2026-10-02 16:55:15
o281,u273,s13,Advanced,30,1,Either,HKU,0.9,One student-to-student session,Active,2026-10-02 16:55:15,2026-10-02 16:55:15
o282,u274,s24,Beginner,45,1,Online,Anywhere,0.9,One student-to-student session,Active,2026-10-02 16:55:15,2026-10-02 16:55:15
o283,u275,s19,Intermediate,30,1,Online,Anywhere,1.0,One student-to-student session,Active,2026-10-02 16:55:15,2026-10-02 16:55:15
o284,u276,s33,Advanced,45,1,Offline,HKUST,1.1,One student-to-student session,Active,2026-10-02 16:55:15,2026-10-02 16:55:15
o285,u277,s19,Intermediate,45,1,Offline,HKU,1.1,One student-to-student session,Active,2026-10-02 16:55:15,2026-10-02 16:55:15
o286,u278,s36,Intermediate,30,1,Online,Anywhere,1.0,One student-to-student session,Active,2026-10-02 16:55:15,2026-10-02 16:55:15
o287,u279,s48,Intermediate,45,1,Offline,HKU,1.0,One student-to-student session,Active,2026-10-02 16:55:15,2026-10-02 16:55:15
o288,u280,s4,Expert,30,2,Online,Anywhere,1.1,One student-to-student session,Active,2026-10-02 16:55:15,2026-10-02 16:55:15
o289,u281,s4,Beginner,60,1,Online,Anywhere,1.0,One student-to-student session,Active,2026-10-02 16:55:15,2026-10-02 16:55:15
o29,u29,s10,Advanced,30,1,Offline,HKU,1.0,Tennis basics,Active,2026-10-02 15:59:05,2026-10-02 15:59:05
o290,u282,s34,Advanced,30,1,Offline,HKU,1.1,One student-to-student session,Active,2026-10-02 16:55:15,2026-10-02 16:55:15
o291,u283,s37,Expert,30,1,Online,Anywhere,1.0,One student-to-student session,Active,2026-10-02 16:55:15,2026-10-02 16:55:15
o292,u284,s11,Beginner,30,1,Online,Anywhere,0.8,One student-to-student session,Active,2026-10-02 16:55:15,2026-10-02 16:55:15
o293,u285,s6,Intermediate,45,1,Offline,HKU,1.0,One student-to-student session,Active,2026-10-02 16:55:15,2026-10-02 16:55:15
o294,u286,s22,Intermediate,45,2,Offline,HKU,1.0,One student-to-student session,Active,2026-10-02 16:55:15,2026-10-02 16:55:15
o295,u287,s19,Intermediate,30,1,Offline,HKUST,1.0,One student-to-student session,Active,2026-10-02 16:55:15,2026-10-02 16:55:15
o296,u288,s19,Expert,45,1,Either,HKU,1.1,One student-to-student session,Active,2026-10-02 16:55:15,2026-10-02 16:55:15
o297,u289,s17,Intermediate,30,3,Offline,HKU,0.9,One student-to-student session,Active,2026-10-02 16:55:15,2026-10-02 16:55:15
o298,u290,s21,Expert,30,1,Offline,HKU,1.1,One student-to-student session,Active,2026-10-02 16:55:15,2026-10-02 16:55:15
o299,u291,s14,Beginner,45,1,Either,HKU,1.1,One student-to-student session,Active,2026-10-02 16:55:15,2026-10-02 16:55:15
o3,u3,s3,Advanced,60,1,Offline,HKU,1.0,Portrait coaching,Active,2026-10-02 14:03:34,2026-10-02 14:03:34
o30,u30,s21,Advanced,30,1,Online,Anywhere,1.0,Piano chords,Active,2026-10-02 15:59:05,2026-10-02 15:59:05
o300,u292,s16,Expert,30,1,Online,Anywhere,0.9,One student-to-student session,Active,2026-10-02 16:55:15,2026-10-02 16:55:15
o301,u293,s41,Advanced,90,1,Offline,HKU,0.9,One student-to-student session,Active,2026-10-02 16:55:15,2026-10-02 16:55:15
o302,u294,s49,Advanced,45,1,Online,Anywhere,1.0,One student-to-student session,Active,2026-10-02 16:55:15,2026-10-02 16:55:15
o303,u295,s40,Advanced,45,1,Online,Anywhere,1.0,One student-to-student session,Active,2026-10-02 16:55:15,2026-10-02 16:55:15
o304,u296,s21,Intermediate,60,1,Either,HKU,1.0,One student-to-student session,Active,2026-10-02 16:55:15,2026-10-02 16:55:15
o305,u297,s15,Advanced,30,1,Online,Anywhere,1.0,One student-to-student session,Active,2026-10-02 16:55:15,2026-10-02 16:55:15
o306,u298,s10,Advanced,60,1,Online,Anywhere,0.9,One student-to-student session,Active,2026-10-02 16:55:15,2026-10-02 16:55:15
o307,u299,s5,Advanced,60,1,Online,Anywhere,0.9,One student-to-student session,Active,2026-10-02 16:55:15,2026-10-02 16:55:15
o308,u300,s17,Beginner,60,1,Offline,Central,1.1,One student-to-student session,Active,2026-10-02 16:55:15,2026-10-02 16:55:15
o309,u224,s10,Advanced,30,1,Offline,HKUST,1.2,One student-to-student session,Active,2026-10-02 16:55:15,2026-10-02 16:55:15
o31,u31,s23,Intermediate,30,1,Offline,HKU,1.0,Move light boxes only,Active,2026-10-02 15:59:05,2026-10-02 15:59:05
o310,u261,s18,Intermediate,60,2,Online,Anywhere,1.1,One student-to-student session,Active,2026-10-02 16:55:15,2026-10-02 16:55:15
o311,u36,s15,Beginner,60,1,Online,Anywhere,0.8,One student-to-student session,Active,2026-10-02 16:55:15,2026-10-02 16:55:15
o312,u236,s8,Advanced,30,1,Offline,HKU,0.9,One student-to-student session,Active,2026-10-02 16:55:15,2026-10-02 16:55:15
o313,u51,s40,Intermediate,30,1,Online,Anywhere,1.1,One student-to-student session,Active,2026-10-02 16:55:15,2026-10-02 16:55:15
o314,u152,s37,Intermediate,30,1,Offline,Central,1.2,One student-to-student session,Active,2026-10-02 16:55:15,2026-10-02 16:55:15
o315,u249,s5,Intermediate,45,1,Offline,HKU,1.2,One student-to-student session,Active,2026-10-02 16:55:15,2026-10-02 16:55:15
o316,u216,s44,Advanced,30,2,Offline,HKU,1.1,One student-to-student session,Active,2026-10-02 16:55:15,2026-10-02 16:55:15
o317,u276,s2,Intermediate,30,1,Either,HKU,1.0,One student-to-student session,Active,2026-10-02 16:55:15,2026-10-02 16:55:15
o318,u116,s13,Advanced,30,1,Online,Anywhere,0.9,One student-to-student session,Active,2026-10-02 16:55:15,2026-10-02 16:55:15
o319,u255,s34,Advanced,60,1,Offline,HKU,1.0,One student-to-student session,Active,2026-10-02 16:55:15,2026-10-02 16:55:15
o32,u32,s24,Intermediate,30,1,Offline,HKU,1.0,Simple cooking,Active,2026-10-02 15:59:05,2026-10-02 15:59:05
o320,u96,s31,Intermediate,30,1,Online,Anywhere,1.2,One student-to-student session,Active,2026-10-02 16:55:15,2026-10-02 16:55:15
o321,u129,s42,Intermediate,30,1,Online,Anywhere,0.9,One student-to-student session,Active,2026-10-02 16:55:15,2026-10-02 16:55:15
o322,u235,s48,Advanced,60,1,Online,Anywhere,1.2,One student-to-student session,Active,2026-10-02 16:55:15,2026-10-02 16:55:15
o323,u114,s15,Beginner,45,1,Offline,HKU,0.9,One student-to-student session,Active,2026-10-02 16:55:15,2026-10-02 16:55:15
o324,u158,s49,Intermediate,45,1,Offline,Central,0.9,One student-to-student session,Active,2026-10-02 16:55:15,2026-10-02 16:55:15
o325,u173,s32,Advanced,60,1,Offline,HKU,0.8,One student-to-student session,Active,2026-10-02 16:55:15,2026-10-02 16:55:15
o326,u148,s45,Advanced,60,1,Offline,Central,1.0,One student-to-student session,Active,2026-10-02 16:55:15,2026-10-02 16:55:15
o327,u273,s46,Intermediate,30,1,Online,Anywhere,1.1,One student-to-student session,Active,2026-10-02 16:55:15,2026-10-02 16:55:15
o328,u88,s17,Beginner,30,3,Online,Anywhere,1.1,One student-to-student session,Active,2026-10-02 16:55:15,2026-10-02 16:55:15
o329,u221,s47,Intermediate,30,1,Online,Anywhere,1.0,One student-to-student session,Active,2026-10-02 16:55:15,2026-10-02 16:55:15
o33,u1,s4,Intermediate,30,2,Online,Anywhere,1.0,Basic spreadsheets,Active,2026-10-02 15:59:05,2026-10-02 15:59:05
o330,u171,s3,Advanced,30,2,Online,Anywhere,1.0,One student-to-student session,Active,2026-10-02 16:55:15,2026-10-02 16:55:15
o331,u138,s32,Intermediate,60,2,Offline,HKU,1.0,One student-to-student session,Active,2026-10-02 16:55:15,2026-10-02 16:55:15
o332,u228,s6,Intermediate,45,1,Online,Anywhere,1.0,One student-to-student session,Active,2026-10-02 16:55:15,2026-10-02 16:55:15
o333,u156,s50,Intermediate,30,1,Offline,HKU,1.0,One student-to-student session,Active,2026-10-02 16:55:15,2026-10-02 16:55:15
o334,u48,s35,Beginner,30,1,Offline,HKU,0.9,One student-to-student session,Active,2026-10-02 16:55:15,2026-10-02 16:55:15
o335,u71,s42,Intermediate,30,1,Offline,HKU,1.1,One student-to-student session,Active,2026-10-02 16:55:15,2026-10-02 16:55:15
o336,u59,s5,Intermediate,30,1,Offline,Kowloon,1.0,One student-to-student session,Active,2026-10-02 16:55:15,2026-10-02 16:55:15
o337,u281,s14,Intermediate,30,1,Online,Anywhere,1.0,One student-to-student session,Active,2026-10-02 16:55:15,2026-10-02 16:55:15
o338,u225,s2,Advanced,45,1,Either,HKU,1.2,One student-to-student session,Active,2026-10-02 16:55:15,2026-10-02 16:55:15
o339,u69,s50,Beginner,30,1,Online,Anywhere,0.9,One student-to-student session,Active,2026-10-02 16:55:15,2026-10-02 16:55:15
o34,u2,s6,Intermediate,30,1,Online,Anywhere,1.0,Conversational English,Active,2026-10-02 15:59:05,2026-10-02 15:59:05
o340,u43,s42,Intermediate,45,1,Offline,HKU,1.0,One student-to-student session,Active,2026-10-02 16:55:15,2026-10-02 16:55:15
o341,u240,s36,Expert,60,1,Offline,HKUST,1.0,One student-to-student session,Active,2026-10-02 16:55:15,2026-10-02 16:55:15
o342,u38,s47,Beginner,45,1,Online,Anywhere,0.9,One student-to-student session,Active,2026-10-02 16:55:15,2026-10-02 16:55:15
o343,u266,s34,Advanced,45,1,Online,Anywhere,1.0,One student-to-student session,Active,2026-10-02 16:55:15,2026-10-02 16:55:15
o344,u117,s43,Advanced,45,2,Online,Anywhere,1.0,One student-to-student session,Active,2026-10-02 16:55:15,2026-10-02 16:55:15
o345,u238,s38,Beginner,45,2,Either,Anywhere,1.1,One student-to-student session,Active,2026-10-02 16:55:15,2026-10-02 16:55:15
o346,u232,s1,Expert,60,1,Offline,Central,1.0,One student-to-student session,Active,2026-10-02 16:55:15,2026-10-02 16:55:15
o347,u80,s12,Advanced,30,1,Online,Anywhere,1.0,One student-to-student session,Active,2026-10-02 16:55:15,2026-10-02 16:55:15
o348,u130,s43,Intermediate,45,2,Either,HKU,0.9,One student-to-student session,Active,2026-10-02 16:55:15,2026-10-02 16:55:15
o349,u261,s21,Advanced,30,1,Online,Anywhere,1.0,One student-to-student session,Active,2026-10-02 16:55:15,2026-10-02 16:55:15
o35,u7,s22,Beginner,30,1,Online,Anywhere,1.0,Simple poster layout,Active,2026-10-02 15:59:05,2026-10-02 15:59:05
o350,u76,s39,Advanced,60,1,Either,HKU,0.9,One student-to-student session,Active,2026-10-02 16:55:15,2026-10-02 16:55:15
o351,u219,s5,Advanced,60,1,Online,Anywhere,0.9,One student-to-student session,Active,2026-10-02 16:55:15,2026-10-02 16:55:15
o352,u110,s28,Beginner,30,1,Online,Anywhere,0.9,One student-to-student session,Active,2026-10-02 16:55:15,2026-10-02 16:55:15
o353,u118,s49,Intermediate,45,2,Online,Anywhere,1.0,One student-to-student session,Active,2026-10-02 16:55:15,2026-10-02 16:55:15
o354,u138,s13,Beginner,45,1,Offline,Kowloon,1.1,One student-to-student session,Active,2026-10-02 16:55:15,2026-10-02 16:55:15
o355,u54,s22,Advanced,90,1,Online,Anywhere,1.0,One student-to-student session,Active,2026-10-02 16:55:15,2026-10-02 16:55:15
o356,u81,s34,Expert,30,1,Online,Anywhere,1.0,One student-to-student session,Active,2026-10-02 16:55:15,2026-10-02 16:55:15
o357,u263,s49,Beginner,30,1,Offline,HKU,1.2,One student-to-student session,Active,2026-10-02 16:55:15,2026-10-02 16:55:15
o358,u137,s36,Advanced,90,1,Offline,HKU,1.0,One student-to-student session,Active,2026-10-02 16:55:15,2026-10-02 16:55:15
o359,u121,s34,Beginner,30,1,Either,Anywhere,1.0,One student-to-student session,Active,2026-10-02 16:55:15,2026-10-02 16:55:15
o36,u8,s8,Advanced,30,1,Online,Anywhere,1.0,Mandarin speaking,Active,2026-10-02 15:59:05,2026-10-02 15:59:05
o360,u170,s35,Advanced,60,1,Either,Anywhere,1.2,One student-to-student session,Active,2026-10-02 16:55:15,2026-10-02 16:55:15
o361,u116,s4,Intermediate,45,1,Online,Anywhere,1.1,One student-to-student session,Active,2026-10-02 16:55:15,2026-10-02 16:55:15
o362,u270,s38,Advanced,45,1,Offline,HKU,0.9,One student-to-student session,Active,2026-10-02 16:55:15,2026-10-02 16:55:15
o363,u82,s22,Advanced,45,1,Offline,HKU,1.0,One student-to-student session,Active,2026-10-02 16:55:15,2026-10-02 16:55:15
o364,u64,s24,Intermediate,30,1,Offline,HKU,1.0,One student-to-student session,Active,2026-10-02 16:55:15,2026-10-02 16:55:15
o365,u246,s20,Intermediate,90,1,Online,Anywhere,1.0,One student-to-student session,Active,2026-10-02 16:55:15,2026-10-02 16:55:15
o366,u118,s22,Advanced,45,1,Offline,HKU,0.8,One student-to-student session,Active,2026-10-02 16:55:15,2026-10-02 16:55:15
o367,u168,s10,Advanced,30,1,Online,Anywhere,1.0,One student-to-student session,Active,2026-10-02 16:55:15,2026-10-02 16:55:15
o368,u79,s29,Advanced,30,1,Offline,HKU,1.0,One student-to-student session,Active,2026-10-02 16:55:15,2026-10-02 16:55:15
o369,u141,s38,Advanced,30,1,Offline,Kowloon,1.0,One student-to-student session,Active,2026-10-02 16:55:15,2026-10-02 16:55:15
o37,u11,s11,Advanced,60,1,Offline,HKU,1.0,Extended bicycle check,Active,2026-10-02 15:59:05,2026-10-02 15:59:05
o370,u53,s42,Beginner,90,1,Offline,HKU,0.9,One student-to-student session,Active,2026-10-02 16:55:15,2026-10-02 16:55:15
o371,u258,s32,Intermediate,45,1,Offline,HKU,0.9,One student-to-student session,Active,2026-10-02 16:55:15,2026-10-02 16:55:15
o372,u84,s30,Advanced,60,1,Offline,HKU,1.0,One student-to-student session,Active,2026-10-02 16:55:15,2026-10-02 16:55:15
o373,u216,s36,Intermediate,30,1,Offline,HKU,1.2,One student-to-student session,Active,2026-10-02 16:55:15,2026-10-02 16:55:15
o374,u147,s6,Beginner,30,1,Online,Anywhere,1.0,One student-to-student session,Active,2026-10-02 16:55:15,2026-10-02 16:55:15
o375,u74,s3,Intermediate,30,1,Online,Anywhere,1.0,One student-to-student session,Active,2026-10-02 16:55:15,2026-10-02 16:55:15
o376,u278,s31,Expert,45,1,Offline,HKU,0.9,One student-to-student session,Active,2026-10-02 16:55:15,2026-10-02 16:55:15
o377,u58,s34,Beginner,45,1,Either,HKU,0.9,One student-to-student session,Active,2026-10-02 16:55:15,2026-10-02 16:55:15
o378,u257,s19,Advanced,30,2,Online,Anywhere,1.0,One student-to-student session,Active,2026-10-02 16:55:15,2026-10-02 16:55:15
o379,u113,s21,Intermediate,45,3,Offline,HKUST,1.0,One student-to-student session,Active,2026-10-02 16:55:15,2026-10-02 16:55:15
o38,u16,s16,Advanced,45,1,Offline,HKUST,1.0,Beginner fitness,Active,2026-10-02 15:59:05,2026-10-02 15:59:05
o380,u123,s24,Advanced,45,1,Offline,HKUST,0.8,One student-to-student session,Active,2026-10-02 16:55:15,2026-10-02 16:55:15
o381,u115,s15,Intermediate,30,1,Online,Anywhere,1.0,One student-to-student session,Active,2026-10-02 16:55:15,2026-10-02 16:55:15
o382,u163,s32,Intermediate,30,1,Offline,HKU,1.0,One student-to-student session,Active,2026-10-02 16:55:15,2026-10-02 16:55:15
o383,u107,s17,Intermediate,30,1,Offline,HKU,1.1,One student-to-student session,Active,2026-10-02 16:55:15,2026-10-02 16:55:15
o384,u283,s22,Intermediate,45,2,Online,Anywhere,1.0,One student-to-student session,Active,2026-10-02 16:55:15,2026-10-02 16:55:15
o385,u297,s5,Expert,30,1,Offline,HKU,1.1,One student-to-student session,Active,2026-10-02 16:55:15,2026-10-02 16:55:15
o386,u60,s49,Intermediate,45,1,Offline,HKU,1.0,One student-to-student session,Active,2026-10-02 16:55:15,2026-10-02 16:55:15
o387,u124,s48,Beginner,30,1,Offline,HKU,1.0,One student-to-student session,Active,2026-10-02 16:55:15,2026-10-02 16:55:15
o388,u259,s28,Advanced,30,2,Online,Anywhere,1.0,One student-to-student session,Active,2026-10-02 16:55:15,2026-10-02 16:55:15
o389,u112,s35,Beginner,30,3,Online,Anywhere,1.0,One student-to-student session,Active,2026-10-02 16:55:15,2026-10-02 16:55:15
o39,u25,s6,Expert,45,1,Online,Anywhere,1.0,Longer English practice,Paused,2026-10-02 15:59:05,2026-10-02 15:59:05
o390,u92,s22,Advanced,30,1,Either,HKU,0.9,One student-to-student session,Active,2026-10-02 16:55:15,2026-10-02 16:55:15
o391,u144,s15,Beginner,45,1,Offline,HKU,1.0,One student-to-student session,Active,2026-10-02 16:55:15,2026-10-02 16:55:15
o392,u111,s6,Intermediate,60,1,Online,Anywhere,1.0,One student-to-student session,Active,2026-10-02 16:55:15,2026-10-02 16:55:15
o393,u94,s45,Intermediate,45,2,Online,Anywhere,1.0,One student-to-student session,Active,2026-10-02 16:55:15,2026-10-02 16:55:15
o394,u133,s37,Beginner,30,1,Online,Anywhere,1.0,One student-to-student session,Active,2026-10-02 16:55:15,2026-10-02 16:55:15
o395,u62,s36,Intermediate,30,1,Offline,HKU,1.1,One student-to-student session,Active,2026-10-02 16:55:15,2026-10-02 16:55:15
o396,u78,s11,Intermediate,30,2,Offline,HKU,1.0,One student-to-student session,Active,2026-10-02 16:55:15,2026-10-02 16:55:15
o397,u151,s31,Beginner,45,1,Online,Anywhere,0.9,One student-to-student session,Active,2026-10-02 16:55:15,2026-10-02 16:55:15
o398,u164,s13,Advanced,45,1,Offline,HKU,0.9,One student-to-student session,Active,2026-10-02 16:55:15,2026-10-02 16:55:15
o399,u267,s13,Intermediate,30,1,Online,Anywhere,1.2,One student-to-student session,Active,2026-10-02 16:55:15,2026-10-02 16:55:15
o4,u4,s4,Advanced,30,1,Offline,HKU,1.0,Basic formulas,Active,2026-10-02 14:03:34,2026-10-02 14:03:34
o40,u30,s21,Advanced,45,1,Online,Anywhere,1.0,Longer piano lesson,Active,2026-10-02 15:59:05,2026-10-02 15:59:05
o400,u268,s10,Expert,45,1,Online,Anywhere,1.0,One student-to-student session,Active,2026-10-02 16:55:15,2026-10-02 16:55:15
o401,u44,s3,Intermediate,45,1,Offline,Central,0.8,One student-to-student session,Active,2026-10-02 16:55:15,2026-10-02 16:55:15
o402,u245,s33,Advanced,30,1,Offline,HKU,1.0,One student-to-student session,Active,2026-10-02 16:55:15,2026-10-02 16:55:15
o403,u100,s36,Beginner,30,1,Either,Anywhere,1.0,One student-to-student session,Active,2026-10-02 16:55:15,2026-10-02 16:55:15
o404,u157,s17,Advanced,30,1,Offline,HKU,1.0,One student-to-student session,Active,2026-10-02 16:55:15,2026-10-02 16:55:15
o405,u290,s7,Expert,30,1,Offline,HKU,0.8,One student-to-student session,Active,2026-10-02 16:55:15,2026-10-02 16:55:15
o406,u145,s32,Expert,45,1,Offline,HKU,0.8,One student-to-student session,Active,2026-10-02 16:55:15,2026-10-02 16:55:15
o407,u73,s36,Expert,45,1,Online,Anywhere,0.9,One student-to-student session,Active,2026-10-02 16:55:15,2026-10-02 16:55:15
o408,u115,s46,Advanced,90,1,Offline,HKU,1.1,One student-to-student session,Active,2026-10-02 16:55:15,2026-10-02 16:55:15
o409,u135,s42,Intermediate,30,1,Offline,HKU,0.9,One student-to-student session,Paused,2026-10-02 16:55:15,2026-10-02 16:55:15
o41,u33,s25,Intermediate,30,1,Offline,HKU,1.0,Learn one simple origami model,Active,2026-10-03 00:00:00,2026-10-03 00:00:00
o410,u81,s13,Beginner,45,2,Offline,HKUST,1.0,One student-to-student session,Active,2026-10-02 16:55:15,2026-10-02 16:55:15
o411,u165,s15,Beginner,45,1,Either,HKU,0.9,One student-to-student session,Active,2026-10-02 16:55:15,2026-10-02 16:55:15
o412,u251,s49,Intermediate,45,2,Offline,HKU,0.9,One student-to-student session,Active,2026-10-02 16:55:15,2026-10-02 16:55:15
o413,u122,s17,Advanced,30,2,Offline,Kowloon,0.9,One student-to-student session,Active,2026-10-02 16:55:15,2026-10-02 16:55:15
o414,u213,s24,Intermediate,30,1,Either,Anywhere,1.0,One student-to-student session,Active,2026-10-02 16:55:15,2026-10-02 16:55:15
o415,u262,s50,Intermediate,30,1,Online,Anywhere,1.1,One student-to-student session,Active,2026-10-02 16:55:15,2026-10-02 16:55:15
o416,u109,s28,Advanced,90,1,Online,Anywhere,1.0,One student-to-student session,Active,2026-10-02 16:55:15,2026-10-02 16:55:15
o417,u251,s28,Advanced,90,3,Online,Anywhere,1.0,One student-to-student session,Active,2026-10-02 16:55:15,2026-10-02 16:55:15
o418,u143,s15,Intermediate,30,1,Online,Anywhere,1.0,One student-to-student session,Active,2026-10-02 16:55:15,2026-10-02 16:55:15
o419,u279,s37,Expert,60,1,Online,Anywhere,0.8,One student-to-student session,Active,2026-10-02 16:55:15,2026-10-02 16:55:15
o42,u34,s26,Intermediate,30,1,Offline,HKU,1.0,Organize one small study area,Active,2026-10-03 00:00:00,2026-10-03 00:00:00
o420,u230,s5,Advanced,45,1,Online,Anywhere,1.0,One student-to-student session,Active,2026-10-02 16:55:15,2026-10-02 16:55:15
o421,u286,s40,Advanced,45,1,Online,Anywhere,0.9,One student-to-student session,Active,2026-10-02 16:55:15,2026-10-02 16:55:15
o422,u295,s30,Intermediate,45,1,Online,Anywhere,1.1,One student-to-student session,Active,2026-10-02 16:55:15,2026-10-02 16:55:15
o423,u89,s17,Beginner,45,1,Online,Anywhere,1.1,One student-to-student session,Active,2026-10-02 16:55:15,2026-10-02 16:55:15
o424,u257,s15,Intermediate,30,1,Online,Anywhere,1.1,One student-to-student session,Active,2026-10-02 16:55:15,2026-10-02 16:55:15
o425,u70,s1,Expert,60,1,Offline,HKU,1.0,One student-to-student session,Active,2026-10-02 16:55:15,2026-10-02 16:55:15
o426,u99,s17,Advanced,30,1,Offline,HKUST,1.0,One student-to-student session,Active,2026-10-02 16:55:15,2026-10-02 16:55:15
o427,u97,s23,Beginner,45,1,Online,Anywhere,1.1,One student-to-student session,Active,2026-10-02 16:55:15,2026-10-02 16:55:15
o428,u217,s11,Intermediate,45,1,Online,Anywhere,1.1,One student-to-student session,Paused,2026-10-02 16:55:15,2026-10-02 16:55:15
o429,u292,s4,Advanced,45,1,Online,Anywhere,0.8,One student-to-student session,Active,2026-10-02 16:55:15,2026-10-02 16:55:15
o43,u35,s27,Intermediate,30,1,Offline,HKU,1.0,Practice one short speech,Active,2026-10-03 00:00:00,2026-10-03 00:00:00
o430,u277,s16,Advanced,30,2,Online,Anywhere,0.9,One student-to-student session,Active,2026-10-02 16:55:15,2026-10-02 16:55:15
o431,u108,s36,Advanced,45,1,Offline,HKU,1.0,One student-to-student session,Active,2026-10-02 16:55:15,2026-10-02 16:55:15
o432,u266,s2,Intermediate,45,1,Offline,HKU,0.9,One student-to-student session,Active,2026-10-02 16:55:15,2026-10-02 16:55:15
o433,u91,s33,Intermediate,30,1,Offline,HKU,1.1,One student-to-student session,Active,2026-10-02 16:55:15,2026-10-02 16:55:15
o434,u243,s14,Advanced,45,1,Online,Anywhere,1.1,One student-to-student session,Active,2026-10-02 16:55:15,2026-10-02 16:55:15
o435,u42,s5,Intermediate,30,1,Offline,HKU,0.9,One student-to-student session,Active,2026-10-02 16:55:15,2026-10-02 16:55:15
o436,u153,s17,Intermediate,45,1,Offline,Central,1.1,One student-to-student session,Active,2026-10-02 16:55:15,2026-10-02 16:55:15
o437,u49,s4,Beginner,60,1,Either,HKU,0.9,One student-to-student session,Active,2026-10-02 16:55:15,2026-10-02 16:55:15
o438,u225,s24,Advanced,30,1,Online,Anywhere,1.1,One student-to-student session,Active,2026-10-02 16:55:15,2026-10-02 16:55:15
o439,u132,s1,Intermediate,30,1,Online,Anywhere,1.2,One student-to-student session,Paused,2026-10-02 16:55:15,2026-10-02 16:55:15
o44,u36,s29,Advanced,45,1,Online,Anywhere,1.2,One student-to-student session,Active,2026-10-02 16:55:15,2026-10-02 16:55:15
o440,u249,s12,Advanced,30,1,Online,Anywhere,1.1,One student-to-student session,Active,2026-10-02 16:55:15,2026-10-02 16:55:15
o441,u233,s13,Beginner,45,3,Online,Anywhere,0.9,One student-to-student session,Active,2026-10-02 16:55:15,2026-10-02 16:55:15
o442,u96,s21,Advanced,30,3,Online,Anywhere,1.1,One student-to-student session,Active,2026-10-02 16:55:15,2026-10-02 16:55:15
o443,u77,s32,Advanced,60,1,Online,Anywhere,0.8,One student-to-student session,Active,2026-10-02 16:55:15,2026-10-02 16:55:15
o444,u125,s41,Beginner,45,1,Either,Anywhere,1.2,One student-to-student session,Active,2026-10-02 16:55:15,2026-10-02 16:55:15
o445,u169,s34,Advanced,90,1,Online,Anywhere,0.8,One student-to-student session,Active,2026-10-02 16:55:15,2026-10-02 16:55:15
o446,u95,s47,Intermediate,30,1,Offline,Kowloon,1.0,One student-to-student session,Active,2026-10-02 16:55:15,2026-10-02 16:55:15
o447,u68,s3,Advanced,60,2,Offline,HKU,1.0,One student-to-student session,Active,2026-10-02 16:55:15,2026-10-02 16:55:15
o448,u57,s38,Advanced,60,1,Offline,HKU,1.1,One student-to-student session,Active,2026-10-02 16:55:15,2026-10-02 16:55:15
o449,u149,s50,Intermediate,30,1,Online,Anywhere,1.0,One student-to-student session,Active,2026-10-02 16:55:15,2026-10-02 16:55:15
o45,u37,s11,Advanced,45,1,Online,Anywhere,1.0,One student-to-student session,Active,2026-10-02 16:55:15,2026-10-02 16:55:15
o450,u215,s19,Intermediate,30,2,Either,HKU,1.0,One student-to-student session,Active,2026-10-02 16:55:15,2026-10-02 16:55:15
o451,u174,s4,Beginner,30,1,Online,Anywhere,1.0,One student-to-student session,Active,2026-10-02 16:55:15,2026-10-02 16:55:15
o452,u296,s35,Intermediate,30,1,Offline,HKU,1.0,One student-to-student session,Active,2026-10-02 16:55:15,2026-10-02 16:55:15
o453,u83,s33,Intermediate,30,2,Online,Anywhere,0.9,One student-to-student session,Active,2026-10-02 16:55:15,2026-10-02 16:55:15
o454,u101,s50,Intermediate,30,1,Offline,HKU,0.9,One student-to-student session,Active,2026-10-02 16:55:15,2026-10-02 16:55:15
o455,u250,s13,Beginner,45,1,Offline,Central,1.0,One student-to-student session,Active,2026-10-02 16:55:15,2026-10-02 16:55:15
o456,u275,s6,Beginner,60,1,Online,Anywhere,1.0,One student-to-student session,Active,2026-10-02 16:55:15,2026-10-02 16:55:15
o457,u289,s41,Intermediate,30,1,Either,Anywhere,0.9,One student-to-student session,Active,2026-10-02 16:55:15,2026-10-02 16:55:15
o458,u150,s11,Intermediate,60,2,Online,Anywhere,1.1,One student-to-student session,Active,2026-10-02 16:55:15,2026-10-02 16:55:15
o459,u162,s39,Intermediate,45,1,Offline,HKU,1.0,One student-to-student session,Active,2026-10-02 16:55:15,2026-10-02 16:55:15
o46,u38,s31,Advanced,30,1,Online,Anywhere,1.0,One student-to-student session,Active,2026-10-02 16:55:15,2026-10-02 16:55:15
o460,u56,s39,Beginner,30,1,Either,HKU,1.0,One student-to-student session,Active,2026-10-02 16:55:15,2026-10-02 16:55:15
o461,u242,s46,Advanced,45,1,Offline,Kowloon,1.2,One student-to-student session,Paused,2026-10-02 16:55:15,2026-10-02 16:55:15
o462,u105,s39,Intermediate,45,1,Offline,HKU,1.0,One student-to-student session,Active,2026-10-02 16:55:15,2026-10-02 16:55:15
o463,u140,s50,Advanced,30,1,Online,Anywhere,1.0,One student-to-student session,Active,2026-10-02 16:55:15,2026-10-02 16:55:15
o464,u258,s13,Beginner,30,1,Offline,HKU,0.9,One student-to-student session,Active,2026-10-02 16:55:15,2026-10-02 16:55:15
o465,u293,s4,Intermediate,30,1,Offline,HKU,1.0,One student-to-student session,Active,2026-10-02 16:55:15,2026-10-02 16:55:15
o466,u252,s42,Beginner,45,1,Either,HKU,1.0,One student-to-student session,Active,2026-10-02 16:55:15,2026-10-02 16:55:15
o467,u78,s48,Intermediate,30,2,Offline,HKUST,1.0,One student-to-student session,Active,2026-10-02 16:55:15,2026-10-02 16:55:15
o468,u103,s18,Advanced,30,1,Either,HKU,1.1,One student-to-student session,Active,2026-10-02 16:55:15,2026-10-02 16:55:15
o469,u214,s16,Intermediate,30,2,Offline,HKU,0.9,One student-to-student session,Active,2026-10-02 16:55:15,2026-10-02 16:55:15
o47,u39,s3,Advanced,30,1,Online,Anywhere,1.1,One student-to-student session,Active,2026-10-02 16:55:15,2026-10-02 16:55:15
o470,u40,s34,Intermediate,30,1,Online,Anywhere,1.0,One student-to-student session,Active,2026-10-02 16:55:15,2026-10-02 16:55:15
o471,u300,s19,Intermediate,90,1,Offline,HKU,1.0,One student-to-student session,Active,2026-10-02 16:55:15,2026-10-02 16:55:15
o472,u90,s1,Intermediate,30,1,Offline,HKU,1.0,One student-to-student session,Active,2026-10-02 16:55:15,2026-10-02 16:55:15
o473,u215,s34,Intermediate,30,1,Offline,HKU,0.8,One student-to-student session,Active,2026-10-02 16:55:15,2026-10-02 16:55:15
o474,u175,s43,Advanced,30,1,Offline,HKU,1.0,One student-to-student session,Active,2026-10-02 16:55:15,2026-10-02 16:55:15
o475,u47,s47,Advanced,45,1,Offline,HKU,0.9,One student-to-student session,Active,2026-10-02 16:55:15,2026-10-02 16:55:15
o476,u159,s19,Intermediate,45,2,Online,Anywhere,1.0,One student-to-student session,Active,2026-10-02 16:55:15,2026-10-02 16:55:15
o477,u282,s6,Beginner,45,1,Offline,HKU,0.9,One student-to-student session,Active,2026-10-02 16:55:15,2026-10-02 16:55:15
o478,u119,s42,Advanced,45,2,Online,Anywhere,1.0,One student-to-student session,Active,2026-10-02 16:55:15,2026-10-02 16:55:15
o479,u134,s11,Advanced,30,1,Offline,HKU,1.1,One student-to-student session,Active,2026-10-02 16:55:15,2026-10-02 16:55:15
o48,u40,s31,Advanced,45,1,Offline,HKUST,1.0,One student-to-student session,Active,2026-10-02 16:55:15,2026-10-02 16:55:15
o480,u92,s33,Advanced,30,1,Either,Anywhere,1.0,One student-to-student session,Active,2026-10-02 16:55:15,2026-10-02 16:55:15
o481,u237,s49,Advanced,45,2,Offline,Central,0.9,One student-to-student session,Active,2026-10-02 16:55:15,2026-10-02 16:55:15
o482,u65,s19,Intermediate,60,1,Either,HKU,0.9,One student-to-student session,Active,2026-10-02 16:55:15,2026-10-02 16:55:15
o483,u160,s14,Intermediate,30,1,Offline,HKU,1.1,One student-to-student session,Active,2026-10-02 16:55:15,2026-10-02 16:55:15
o484,u284,s28,Intermediate,45,1,Offline,HKU,1.0,One student-to-student session,Active,2026-10-02 16:55:15,2026-10-02 16:55:15
o485,u167,s50,Advanced,30,1,Offline,HKU,1.0,One student-to-student session,Active,2026-10-02 16:55:15,2026-10-02 16:55:15
o486,u166,s31,Intermediate,45,1,Online,Anywhere,1.1,One student-to-student session,Active,2026-10-02 16:55:15,2026-10-02 16:55:15
o487,u85,s3,Advanced,30,1,Offline,HKU,0.9,One student-to-student session,Paused,2026-10-02 16:55:15,2026-10-02 16:55:15
o488,u218,s28,Advanced,45,2,Online,Anywhere,1.1,One student-to-student session,Active,2026-10-02 16:55:15,2026-10-02 16:55:15
o489,u113,s20,Beginner,30,1,Online,Anywhere,1.0,One student-to-student session,Active,2026-10-02 16:55:15,2026-10-02 16:55:15
o49,u41,s43,Advanced,45,1,Offline,HKUST,1.1,One student-to-student session,Active,2026-10-02 16:55:15,2026-10-02 16:55:15
o490,u127,s28,Expert,45,1,Online,Anywhere,1.1,One student-to-student session,Active,2026-10-02 16:55:15,2026-10-02 16:55:15
o491,u45,s30,Advanced,60,1,Offline,HKUST,0.9,One student-to-student session,Active,2026-10-02 16:55:15,2026-10-02 16:55:15
o492,u253,s3,Intermediate,45,1,Either,HKU,1.1,One student-to-student session,Active,2026-10-02 16:55:15,2026-10-02 16:55:15
o493,u111,s20,Intermediate,45,2,Offline,HKUST,1.0,One student-to-student session,Active,2026-10-02 16:55:15,2026-10-02 16:55:15
o494,u265,s50,Intermediate,30,1,Offline,HKU,1.0,One student-to-student session,Active,2026-10-02 16:55:15,2026-10-02 16:55:15
o495,u220,s22,Expert,30,2,Offline,HKU,0.9,One student-to-student session,Active,2026-10-02 16:55:15,2026-10-02 16:55:15
o496,u142,s18,Expert,30,1,Offline,HKU,1.0,One student-to-student session,Active,2026-10-02 16:55:15,2026-10-02 16:55:15
o497,u131,s44,Advanced,90,3,Either,Anywhere,1.1,One student-to-student session,Active,2026-10-02 16:55:15,2026-10-02 16:55:15
o498,u63,s7,Intermediate,30,1,Online,Anywhere,1.0,One student-to-student session,Active,2026-10-02 16:55:15,2026-10-02 16:55:15
o499,u272,s14,Beginner,30,1,Either,HKU,1.0,One student-to-student session,Active,2026-10-02 16:55:15,2026-10-02 16:55:15
o5,u5,s5,Advanced,30,1,Online,Anywhere,1.0,Beginner chords,Active,2026-10-02 14:03:34,2026-10-02 14:03:34
o50,u42,s17,Advanced,30,1,Offline,HKUST,1.0,One student-to-student session,Active,2026-10-02 16:55:15,2026-10-02 16:55:15
o500,u162,s36,Advanced,30,1,Online,Anywhere,1.1,One student-to-student session,Active,2026-10-02 16:55:15,2026-10-02 16:55:15
o51,u43,s6,Advanced,30,1,Offline,HKUST,1.0,One student-to-student session,Active,2026-10-02 16:55:15,2026-10-02 16:55:15
o52,u44,s49,Advanced,45,1,Offline,HKU,1.0,One student-to-student session,Active,2026-10-02 16:55:15,2026-10-02 16:55:15
o53,u45,s38,Advanced,45,1,Offline,HKU,1.2,One student-to-student session,Active,2026-10-02 16:55:15,2026-10-02 16:55:15
o54,u46,s19,Advanced,30,1,Online,Anywhere,1.1,One student-to-student session,Active,2026-10-02 16:55:15,2026-10-02 16:55:15
o55,u47,s49,Advanced,30,1,Online,Anywhere,1.0,One student-to-student session,Active,2026-10-02 16:55:15,2026-10-02 16:55:15
o56,u48,s6,Advanced,30,1,Online,Anywhere,1.0,One student-to-student session,Active,2026-10-02 16:55:15,2026-10-02 16:55:15
o57,u49,s44,Advanced,30,1,Online,Anywhere,1.1,One student-to-student session,Active,2026-10-02 16:55:15,2026-10-02 16:55:15
o58,u50,s32,Advanced,30,1,Online,Anywhere,1.1,One student-to-student session,Active,2026-10-02 16:55:15,2026-10-02 16:55:15
o59,u51,s19,Advanced,30,1,Online,Anywhere,1.2,One student-to-student session,Active,2026-10-02 16:55:15,2026-10-02 16:55:15
o6,u6,s6,Expert,30,1,Online,Anywhere,1.0,Conversation,Active,2026-10-02 14:03:34,2026-10-02 14:03:34
o60,u52,s44,Advanced,30,1,Offline,HKU,1.0,One student-to-student session,Active,2026-10-02 16:55:15,2026-10-02 16:55:15
o61,u53,s1,Advanced,30,1,Offline,HKU,1.0,One student-to-student session,Active,2026-10-02 16:55:15,2026-10-02 16:55:15
o62,u54,s15,Advanced,45,1,Offline,HKU,1.0,One student-to-student session,Active,2026-10-02 16:55:15,2026-10-02 16:55:15
o63,u55,s34,Advanced,45,1,Offline,HKU,1.0,One student-to-student session,Active,2026-10-02 16:55:15,2026-10-02 16:55:15
o64,u56,s2,Advanced,45,1,Either,HKU,1.1,One student-to-student session,Active,2026-10-02 16:55:15,2026-10-02 16:55:15
o65,u57,s49,Advanced,45,1,Either,HKU,1.0,One student-to-student session,Active,2026-10-02 16:55:15,2026-10-02 16:55:15
o66,u58,s7,Advanced,30,1,Online,Anywhere,1.0,One student-to-student session,Active,2026-10-02 16:55:15,2026-10-02 16:55:15
o67,u59,s39,Advanced,30,1,Online,Anywhere,0.9,One student-to-student session,Active,2026-10-02 16:55:15,2026-10-02 16:55:15
o68,u60,s15,Advanced,30,1,Offline,HKU,1.1,One student-to-student session,Active,2026-10-02 16:55:15,2026-10-02 16:55:15
o69,u61,s3,Advanced,30,1,Offline,HKU,1.0,One student-to-student session,Active,2026-10-02 16:55:15,2026-10-02 16:55:15
o7,u7,s7,Advanced,30,1,Online,Anywhere,1.0,One CV,Active,2026-10-02 14:03:34,2026-10-02 14:03:34
o70,u62,s43,Advanced,45,1,Online,Anywhere,1.2,One student-to-student session,Active,2026-10-02 16:55:15,2026-10-02 16:55:15
o71,u63,s4,Advanced,45,1,Online,Anywhere,1.0,One student-to-student session,Active,2026-10-02 16:55:15,2026-10-02 16:55:15
o72,u64,s15,Advanced,30,1,Offline,HKU,1.0,One student-to-student session,Active,2026-10-02 16:55:15,2026-10-02 16:55:15
o73,u65,s13,Advanced,30,1,Offline,HKU,0.9,One student-to-student session,Active,2026-10-02 16:55:15,2026-10-02 16:55:15
o74,u66,s35,Advanced,30,1,Offline,HKU,1.0,One student-to-student session,Active,2026-10-02 16:55:15,2026-10-02 16:55:15
o75,u67,s17,Advanced,30,1,Offline,HKU,1.0,One student-to-student session,Active,2026-10-02 16:55:15,2026-10-02 16:55:15
o76,u68,s33,Advanced,30,1,Offline,HKU,1.2,One student-to-student session,Active,2026-10-02 16:55:15,2026-10-02 16:55:15
o77,u69,s4,Advanced,30,1,Offline,HKU,1.0,One student-to-student session,Active,2026-10-02 16:55:15,2026-10-02 16:55:15
o78,u70,s6,Advanced,45,1,Offline,HKU,1.0,One student-to-student session,Active,2026-10-02 16:55:15,2026-10-02 16:55:15
o79,u71,s48,Advanced,45,1,Offline,HKU,1.0,One student-to-student session,Active,2026-10-02 16:55:15,2026-10-02 16:55:15
o8,u8,s8,Expert,30,1,Online,Anywhere,1.0,Conversation,Active,2026-10-02 14:03:34,2026-10-02 14:03:34
o80,u72,s28,Advanced,45,1,Offline,HKU,1.0,One student-to-student session,Active,2026-10-02 16:55:15,2026-10-02 16:55:15
o81,u73,s18,Advanced,45,1,Offline,HKU,1.2,One student-to-student session,Active,2026-10-02 16:55:15,2026-10-02 16:55:15
o82,u74,s34,Advanced,30,1,Offline,HKU,1.1,One student-to-student session,Active,2026-10-02 16:55:15,2026-10-02 16:55:15
o83,u75,s45,Advanced,30,1,Offline,HKU,1.0,One student-to-student session,Active,2026-10-02 16:55:15,2026-10-02 16:55:15
o84,u76,s46,Advanced,30,1,Offline,HKU,1.1,One student-to-student session,Active,2026-10-02 16:55:15,2026-10-02 16:55:15
o85,u77,s11,Advanced,30,1,Offline,HKU,1.0,One student-to-student session,Active,2026-10-02 16:55:15,2026-10-02 16:55:15
o86,u78,s24,Advanced,45,1,Either,HKU,1.1,One student-to-student session,Active,2026-10-02 16:55:15,2026-10-02 16:55:15
o87,u79,s28,Advanced,45,1,Either,HKU,0.9,One student-to-student session,Active,2026-10-02 16:55:15,2026-10-02 16:55:15
o88,u80,s33,Advanced,30,1,Offline,HKU,1.0,One student-to-student session,Active,2026-10-02 16:55:15,2026-10-02 16:55:15
o89,u81,s19,Advanced,30,1,Offline,HKU,1.1,One student-to-student session,Active,2026-10-02 16:55:15,2026-10-02 16:55:15
o9,u9,s9,Advanced,60,1,Online,Anywhere,1.0,Disallowed academic work,Active,2026-10-02 14:03:34,2026-10-02 14:03:34
o90,u82,s44,Advanced,45,1,Offline,HKU,1.2,One student-to-student session,Active,2026-10-02 16:55:15,2026-10-02 16:55:15
o91,u83,s36,Advanced,45,1,Offline,HKU,1.1,One student-to-student session,Active,2026-10-02 16:55:15,2026-10-02 16:55:15
o92,u84,s1,Advanced,45,1,Offline,HKU,1.0,One student-to-student session,Active,2026-10-02 16:55:15,2026-10-02 16:55:15
o93,u85,s22,Advanced,45,1,Offline,HKU,0.9,One student-to-student session,Active,2026-10-02 16:55:15,2026-10-02 16:55:15
o94,u86,s38,Advanced,45,1,Offline,Central,1.1,One student-to-student session,Active,2026-10-02 16:55:15,2026-10-02 16:55:15
o95,u87,s10,Advanced,45,1,Offline,Central,0.8,One student-to-student session,Active,2026-10-02 16:55:15,2026-10-02 16:55:15
o96,u88,s47,Advanced,30,1,Online,Anywhere,1.1,One student-to-student session,Active,2026-10-02 16:55:15,2026-10-02 16:55:15
o97,u89,s12,Advanced,30,1,Online,Anywhere,0.9,One student-to-student session,Active,2026-10-02 16:55:15,2026-10-02 16:55:15
o98,u90,s2,Advanced,45,1,Online,Anywhere,1.0,One student-to-student session,Active,2026-10-02 16:55:15,2026-10-02 16:55:15
o99,u91,s15,Advanced,45,1,Online,Anywhere,1.0,One student-to-student session,Active,2026-10-02 16:55:15,2026-10-02 16:55:15
