offer_id,slot_id
o1,3
o10,3
o100,2
o100,4
o101,4
o102,1
o102,8
o103,8
o104,5
o105,4
o105,5
o106,9
o107,9
o108,7
o109,7
o11,5
o110,5
o110,8
o111,2
o111,5
o112,4
o113,1
o113,4
o114,4
o115,4
o115,9
o116,1
o116,8
o117,1
o118,5
o119,1
o119,5
o12,5
o120,9
o121,9
o122,3
o122,5
o123,5
o123,7
o124,4
o125,4
o126,1
o126,8
o127,8
o128,7
o128,9
o129,9
o13,3
o130,2
o131,2
o131,6
o132,4
o132,6
o133,4
o134,2
o134,9
o135,2
o136,2
o136,4
o137,4
o138,3
o139,3
o139,9
o14,3
o140,7
o141,7
o141,8
o142,3
o142,6
o143,3
o144,2
o144,8
o145,2
o146,5
o147,5
o148,2
o148,9
o149,2
o149,9
o15,7
o150,1
o150,2
o150,7
o151,7
o152,8
o152,9
o153,9
o154,3
o155,3
o156,2
o157,2
o158,2
o158,7
o159,1
o159,2
o16,7
o160,2
o160,7
o161,2
o162,1
o163,1
o163,9
o164,1
o164,5
o165,2
o165,5
o166,5
o167,5
o167,7
o168,9
o169,3
o169,9
o17,2
o170,5
o170,6
o171,5
o172,3
o173,3
o174,3
o174,7
o175,3
o176,9
o177,6
o177,9
o178,1
o178,3
o178,8
o179,8
o18,2
o180,5
o181,5
o182,4
o183,4
o184,6
o185,6
o186,5
o186,6
o187,3
o188,3
o188,6
o189,2
o189,3
o19,1
o190,3
o190,4
o191,3
o192,3
o193,9
o194,9
o195,9
o196,1
o196,5
o197,1
o198,1
o199,2
o199,5
o2,3
o20,1
o200,5
o201,1
o201,5
o202,7
o203,7
o203,9
o204,7
o205,2
o206,2
o206,4
o207,2
o208,1
o208,2
o209,1
o209,8
o21,3
o210,1
o211,4
o212,4
o212,6
o213,4
o214,6
o215,6
o216,6
o217,9
o218,9
o219,7
o219,9
o22,3
o220,4
o221,1
o221,2
o222,4
o222,6
o223,9
o224,3
o224,7
o225,4
o226,2
o226,3
o227,3
o228,6
o229,2
o23,1
o230,4
o231,7
o232,5
o232,9
o233,3
o234,8
o234,9
o235,4
o236,2
o236,4
o237,6
o237,7
o238,3
o239,3
o239,7
o24,1
o240,1
o240,8
o241,2
o242,1
o242,3
o243,7
o244,9
o245,3
o245,7
o246,4
o247,3
o247,7
o248,4
o248,5
o248,6
o249,6
o25,2
o250,3
o251,4
o252,6
o252,7
o253,7
o254,7
o255,7
o256,7
o257,3
o258,4
o258,9
o259,7
o259,8
o26,5
o260,3
o260,8
o261,2
o261,6
o262,1
o263,6
o264,2
o265,4
o266,2
o267,2
o268,7
o268,9
o269,9
o27,1
o270,3
o270,8
o271,2
o272,2
o273,4
o273,8
o274,1
o274,9
o275,4
o275,9
o276,2
o276,8
o277,6
o278,1
o279,6
o279,8
o28,5
o280,2
o280,5
o281,1
o282,4
o283,6
o284,9
o285,6
o286,7
o287,1
o287,7
o288,3
o289,5
o289,7
o29,4
o290,4
o290,5
o291,8
o291,9
o292,1
o292,5
o293,4
o294,2
o295,5
o296,3
o297,5
o298,9
o299,5
o299,7
o3,5
o30,4
o300,2
o300,3
o301,3
o302,6
o303,7
o303,9
o304,5
o305,3
o306,5
o306,7
o307,5
o307,8
o308,8
o308,9
o309,4
o309,7
o31,4
o310,5
o310,7
o311,2
o312,1
o313,1
o313,4
o314,2
o315,3
o316,4
o317,2
o318,6
o319,9
o32,4
o320,3
o320,7
o321,1
o322,3
o322,5
o323,3
o323,7
o324,4
o325,4
o326,5
o326,6
o327,8
o328,6
o328,9
o329,9
o33,3
o330,5
o330,6
o331,2
o331,9
o332,1
o333,5
o334,2
o335,1
o336,9
o337,4
o338,4
o339,1
o339,5
o34,3
o340,6
o340,8
o341,6
o342,2
o342,7
o343,7
o344,2
o345,8
o346,6
o347,6
o347,9
o348,2
o349,6
o349,7
o35,1
o350,4
o350,6
o351,7
o351,9
o352,8
o353,7
o354,6
o355,1
o356,3
o357,1
o357,7
o358,4
o359,3
o359,7
o36,1
o360,1
o360,7
o361,9
o362,2
o363,4
o364,5
o365,8
o366,9
o367,4
o367,5
o368,3
o369,4
o369,6
o37,5
o370,5
o370,6
o371,3
o371,8
o372,4
o372,7
o373,7
o373,8
o374,4
o375,4
o375,9
o376,7
o376,8
o377,3
o378,1
o379,8
o38,7
o380,1
o380,9
o381,1
o381,4
o381,8
o382,8
o383,5
o384,4
o384,9
o385,6
o386,1
o387,2
o388,7
o389,2
o389,5
o39,2
o390,4
o391,7
o392,6
o392,8
o393,3
o393,9
o394,4
o395,6
o396,5
o397,2
o398,7
o398,9
o399,8
o4,5
o40,4
o400,5
o401,2
o402,9
o403,1
o403,4
o404,7
o405,6
o406,5
o406,8
o407,3
o407,5
o408,3
o409,3
o41,8
o410,8
o411,4
o412,3
o413,8
o414,4
o415,2
o415,7
o416,3
o417,9
o418,3
o418,9
o419,6
o42,8
o420,1
o420,3
o421,8
o422,6
o422,7
o423,4
o424,8
o425,5
o426,5
o427,7
o428,7
o429,6
o43,8
o430,2
o430,7
o431,4
o432,2
o432,3
o433,3
o434,7
o435,4
o436,6
o437,5
o438,5
o439,3
o439,6
o44,7
o44,9
o440,5
o440,7
o441,1
o441,3
o441,9
o442,1
o442,3
o443,5
o443,9
o444,1
o445,2
o445,8
o446,2
o446,8
o447,4
o448,6
o449,9
o45,7
o45,9
o450,5
o450,9
o451,6
o452,3
o452,7
o453,6
o453,8
o454,4
o455,9
o456,5
o456,8
o457,1
o458,2
o459,3
o459,9
o46,6
o460,8
o461,1
o461,8
o462,9
o463,4
o464,4
o464,6
o465,3
o466,3
o467,2
o467,7
o468,2
o469,1
o469,7
o47,6
o470,9
o471,5
o472,1
o472,5
o473,4
o473,7
o474,3
o474,7
o475,1
o475,7
o476,8
o477,2
o477,6
o478,6
o479,2
o479,5
o48,6
o480,1
o481,3
o482,2
o482,5
o483,4
o483,5
o484,1
o484,7
o485,4
o485,6
o486,6
o487,5
o488,7
o488,9
o489,5
o49,6
o490,1
o491,7
o492,1
o493,2
o493,7
o494,6
o495,6
o496,6
o497,5
o498,3
o498,8
o499,3
o5,2
o50,7
o500,1
o500,6
o51,7
o51,9
o52,6
o53,6
o54,7
o55,7
o56,2
o56,4
o56,5
o57,2
o57,6
o58,5
o58,9
o59,6
o59,9
o6,3
o60,5
o61,1
o61,5
o62,7
o63,7
o64,3
o65,3
o65,4
o65,7
o66,8
o67,7
o67,8
o68,6
o68,8
o69,3
o69,6
o7,1
o70,1
o70,6
o71,1
o72,4
o72,6
o73,4
o73,6
o74,1
o75,1
o75,2
o75,5
o76,2
o76,6
o77,2
o78,7
o79,6
o79,7
o8,1
o80,1
o81,1
o82,1
o83,1
o83,4
o84,6
o85,1
o85,6
o86,6
o87,6
o88,8
o89,1
o89,8
o9,3
o90,2
o90,3
o90,6
o91,6
o91,9
o92,2
o93,1
o93,2
o94,2
o94,6
o95,2
o96,8
o97,6
o97,8
o98,1
o99,1
