reliability_id,user_id,completion_rate,on_time_rate,commitment_fulfillment_rate,response_rate,dispute_free_rate,cancellation_rate,no_show_rate,reliability_score,algorithm_version,calculated_at
rh1,u5,70.2,47.1,66.8,57.1,60.0,17.0,10.8,60.5,historical-import-demo2,2026-09-07 00:00:00
rh10,u1,48.8,64.9,66.6,63.1,73.0,10.4,12.2,57.0,historical-import-demo2,2026-09-24 00:00:00
rh11,u18,52.8,58.0,65.8,59.3,76.5,19.8,9.2,63.2,historical-import-demo2,2026-09-01 00:00:00
rh12,u16,57.1,35.3,58.1,65.8,44.5,27.8,11.5,43.1,historical-import-demo2,2026-09-27 00:00:00
rh13,u212,95.5,86.4,90.9,85.4,88.2,5.8,5.1,79.4,historical-import-demo2,2026-09-27 00:00:00
rh14,u264,42.0,73.8,34.7,42.7,49.7,28.6,13.3,41.2,historical-import-demo2,2026-09-30 00:00:00
rh15,u177,71.4,66.5,76.3,58.8,77.3,10.4,1.6,72.5,historical-import-demo2,2026-09-27 00:00:00
rh16,u62,69.1,72.4,60.6,63.5,65.0,5.6,5.2,58.2,historical-import-demo2,2026-09-17 00:00:00
rh17,u125,61.1,75.2,59.1,80.1,69.2,14.7,9.4,64.8,historical-import-demo2,2026-09-14 00:00:00
rh18,u253,49.9,53.3,51.7,43.4,52.8,21.5,11.5,46.1,historical-import-demo2,2026-09-19 00:00:00
rh19,u51,69.5,93.5,90.0,90.6,87.7,7.1,4.3,84.8,historical-import-demo2,2026-09-08 00:00:00
rh2,u8,33.8,48.2,43.4,54.8,40.9,26.4,11.0,40.5,historical-import-demo2,2026-09-13 00:00:00
rh20,u63,67.4,83.7,85.5,89.3,78.3,3.6,3.5,82.3,historical-import-demo2,2026-09-19 00:00:00
rh21,u76,100.0,83.0,100.0,97.1,100.0,8.4,2.1,94.4,historical-import-demo2,2026-09-15 00:00:00
rh22,u119,82.4,82.2,78.3,84.8,98.1,9.2,4.3,77.0,historical-import-demo2,2026-09-01 00:00:00
rh23,u136,66.8,80.7,59.7,72.9,60.9,15.4,6.3,64.8,historical-import-demo2,2026-09-17 00:00:00
rh24,u247,41.1,65.5,53.3,56.1,83.7,24.2,8.6,53.7,historical-import-demo2,2026-09-27 00:00:00
rh25,u94,97.6,96.0,85.6,92.8,95.3,5.3,6.4,85.3,historical-import-demo2,2026-09-26 00:00:00
rh26,u237,61.6,72.6,79.7,79.3,63.6,11.3,5.9,63.0,historical-import-demo2,2026-09-19 00:00:00
rh27,u87,39.6,54.2,58.8,50.4,63.2,31.6,8.6,49.6,historical-import-demo2,2026-09-17 00:00:00
rh28,u146,75.8,65.0,70.1,87.9,78.6,15.6,5.4,67.3,historical-import-demo2,2026-09-29 00:00:00
rh29,u184,80.5,88.4,82.5,70.8,64.8,14.6,3.9,75.5,historical-import-demo2,2026-09-09 00:00:00
rh3,u24,66.7,74.7,62.6,76.2,67.5,8.5,8.4,68.0,historical-import-demo2,2026-09-20 00:00:00
rh30,u273,66.2,52.1,65.1,54.5,62.0,23.1,2.1,60.4,historical-import-demo2,2026-09-23 00:00:00
rh31,u201,41.2,38.2,60.0,35.2,32.1,29.5,16.4,39.2,historical-import-demo2,2026-09-27 00:00:00
rh32,u198,61.7,64.5,90.2,89.0,73.6,7.3,7.3,70.9,historical-import-demo2,2026-09-24 00:00:00
rh33,u66,73.0,56.4,72.9,58.9,76.2,22.3,8.9,68.2,historical-import-demo2,2026-09-21 00:00:00
rh34,u57,73.6,76.4,75.6,88.3,83.3,12.2,4.9,70.7,historical-import-demo2,2026-09-14 00:00:00
rh35,u157,87.6,100.0,95.7,81.6,87.7,4.8,4.0,86.8,historical-import-demo2,2026-09-11 00:00:00
rh36,u173,40.5,52.6,34.9,45.1,51.1,28.1,13.0,35.5,historical-import-demo2,2026-09-14 00:00:00
rh37,u190,35.8,30.7,40.8,39.9,53.8,34.5,13.4,36.3,historical-import-demo2,2026-09-27 00:00:00
rh38,u189,81.0,89.0,84.7,97.3,78.2,12.7,3.7,78.5,historical-import-demo2,2026-09-15 00:00:00
rh39,u102,63.9,76.2,72.4,75.0,83.2,8.6,6.9,71.0,historical-import-demo2,2026-09-07 00:00:00
rh4,u15,95.9,73.5,92.2,85.0,95.6,6.9,4.2,91.5,historical-import-demo2,2026-09-30 00:00:00
rh40,u116,80.4,81.2,82.1,81.5,80.3,14.1,5.3,77.2,historical-import-demo2,2026-09-21 00:00:00
rh41,u197,71.9,65.2,51.1,75.7,70.9,16.9,10.0,61.9,historical-import-demo2,2026-09-11 00:00:00
rh42,u233,51.8,39.2,79.6,76.7,52.1,25.7,10.1,55.2,historical-import-demo2,2026-09-05 00:00:00
rh43,u138,35.9,28.6,30.9,16.3,23.5,31.7,12.2,36.0,historical-import-demo2,2026-09-05 00:00:00
rh44,u274,75.1,97.9,77.2,82.6,90.9,15.2,5.4,81.5,historical-import-demo2,2026-10-01 00:00:00
rh45,u56,69.4,72.0,59.2,100.0,99.0,11.7,6.1,78.2,historical-import-demo2,2026-09-02 00:00:00
rh46,u160,78.9,77.3,74.4,69.1,87.4,18.3,6.3,68.7,historical-import-demo2,2026-09-08 00:00:00
rh47,u135,82.2,89.8,98.0,94.1,99.5,0.0,3.1,88.3,historical-import-demo2,2026-09-28 00:00:00
rh48,u256,100.0,100.0,86.0,87.2,97.7,0.0,2.4,89.4,historical-import-demo2,2026-09-07 00:00:00
rh49,u89,76.2,58.2,50.4,57.7,67.1,12.0,6.2,59.0,historical-import-demo2,2026-09-11 00:00:00
rh5,u14,72.3,79.8,77.1,70.4,73.1,12.1,4.8,74.1,historical-import-demo2,2026-09-20 00:00:00
rh50,u133,71.0,86.8,69.7,90.6,66.7,13.4,4.6,67.7,historical-import-demo2,2026-09-25 00:00:00
rh51,u175,79.7,82.5,76.7,93.7,80.8,15.2,5.6,74.8,historical-import-demo2,2026-09-03 00:00:00
rh52,u207,47.3,55.2,44.9,55.2,50.6,21.0,11.7,44.5,historical-import-demo2,2026-09-05 00:00:00
rh53,u151,56.8,69.9,65.6,64.3,52.6,17.5,9.3,59.4,historical-import-demo2,2026-09-30 00:00:00
rh54,u40,58.0,57.9,50.9,51.0,60.9,18.1,15.2,55.6,historical-import-demo2,2026-09-12 00:00:00
rh55,u52,80.3,82.9,70.8,79.3,72.6,16.2,8.0,74.6,historical-import-demo2,2026-09-21 00:00:00
rh56,u250,64.5,48.5,63.5,65.7,62.9,23.2,8.1,59.6,historical-import-demo2,2026-09-15 00:00:00
rh57,u282,47.6,50.8,46.1,39.1,54.7,30.2,11.3,42.4,historical-import-demo2,2026-09-24 00:00:00
rh58,u268,65.6,89.5,73.2,70.7,78.8,13.3,7.6,67.5,historical-import-demo2,2026-09-06 00:00:00
rh59,u90,53.4,57.7,62.2,59.4,63.5,16.0,7.1,60.1,historical-import-demo2,2026-09-19 00:00:00
rh6,u10,81.1,64.2,82.7,84.8,88.7,9.3,7.0,75.7,historical-import-demo2,2026-09-26 00:00:00
rh60,u55,79.5,76.2,87.4,87.9,81.0,7.8,3.0,84.1,historical-import-demo2,2026-09-06 00:00:00
rh61,u246,76.4,78.9,68.7,68.0,79.9,14.5,4.6,64.2,historical-import-demo2,2026-09-06 00:00:00
rh62,u236,77.8,77.0,80.8,89.9,91.2,4.8,6.9,76.1,historical-import-demo2,2026-09-24 00:00:00
rh63,u278,70.2,59.1,65.5,78.2,74.9,9.6,2.4,74.0,historical-import-demo2,2026-09-16 00:00:00
rh64,u215,80.7,100.0,81.6,77.5,85.9,4.3,6.2,83.5,historical-import-demo2,2026-09-27 00:00:00
rh65,u137,34.2,25.2,54.7,27.6,43.0,31.2,11.1,37.3,historical-import-demo2,2026-09-11 00:00:00
rh66,u141,65.1,65.4,74.0,66.4,60.9,18.2,8.3,58.0,historical-import-demo2,2026-09-15 00:00:00
rh67,u127,84.1,76.6,79.6,65.5,70.3,5.8,3.4,81.6,historical-import-demo2,2026-09-13 00:00:00
rh68,u210,62.5,46.9,70.9,64.1,64.2,19.5,7.3,56.0,historical-import-demo2,2026-09-22 00:00:00
rh69,u172,50.5,47.0,49.4,51.9,44.9,23.1,8.3,45.2,historical-import-demo2,2026-09-29 00:00:00
rh7,u4,48.6,48.6,57.0,53.4,58.6,20.7,11.8,53.8,historical-import-demo2,2026-09-07 00:00:00
rh70,u134,65.1,78.8,77.6,64.9,67.6,17.4,11.1,61.0,historical-import-demo2,2026-09-30 00:00:00
rh71,u159,54.3,61.0,62.8,70.1,70.8,18.4,11.4,54.8,historical-import-demo2,2026-09-24 00:00:00
rh72,u291,72.7,96.2,72.0,77.4,89.4,11.1,7.1,77.1,historical-import-demo2,2026-09-06 00:00:00
rh73,u44,73.5,96.6,81.7,80.3,83.2,10.3,4.3,79.1,historical-import-demo2,2026-09-23 00:00:00
rh74,u262,95.0,100.0,93.3,87.5,100.0,7.0,2.6,91.5,historical-import-demo2,2026-09-25 00:00:00
rh75,u223,69.5,76.1,72.3,61.9,72.2,16.0,8.8,60.6,historical-import-demo2,2026-09-22 00:00:00
rh76,u122,74.9,68.1,74.1,80.4,72.9,9.5,7.0,75.4,historical-import-demo2,2026-09-22 00:00:00
rh77,u191,77.7,76.4,73.7,89.5,100.0,15.3,4.0,77.6,historical-import-demo2,2026-09-04 00:00:00
rh78,u68,50.3,59.6,61.0,51.5,39.7,19.5,8.9,51.9,historical-import-demo2,2026-09-30 00:00:00
rh79,u166,49.6,48.3,60.2,61.4,56.6,22.4,8.3,54.3,historical-import-demo2,2026-09-01 00:00:00
rh8,u29,45.9,38.0,44.8,41.7,51.8,20.7,12.9,41.5,historical-import-demo2,2026-09-24 00:00:00
rh80,u72,58.8,57.9,59.2,51.6,67.6,15.2,4.9,62.0,historical-import-demo2,2026-09-21 00:00:00
rh9,u27,78.9,71.1,69.1,80.3,82.2,20.6,10.1,71.5,historical-import-demo2,2026-09-06 00:00:00
