skill_value_id,skill_id,base_value,version,semester,effective_from,effective_to,created_at
sv1,s1,1.0,mvp-v1,2026-A,2026-01-01,,2026-10-02 14:03:34
sv10,s10,1.2,mvp-v1,2026-A,2026-01-01,,2026-10-02 14:03:34
sv11,s11,1.2,mvp-v1,2026-A,2026-01-01,,2026-10-02 14:33:12
sv12,s12,1.1,mvp-v1,2026-A,2026-01-01,,2026-10-02 14:33:12
sv13,s13,1.1,mvp-v1,2026-A,2026-01-01,,2026-10-02 14:33:12
sv14,s14,1.0,mvp-v1,2026-A,2026-01-01,,2026-10-02 14:33:12
sv15,s15,1.0,mvp-v1,2026-A,2026-01-01,,2026-10-02 14:33:12
sv16,s16,1.0,mvp-v1,2026-A,2026-01-01,,2026-10-02 14:33:12
sv17,s17,1.0,mvp-v1,2026-A,2026-01-01,,2026-10-02 14:33:12
sv18,s18,1.1,mvp-v1,2026-A,2026-01-01,,2026-10-02 14:33:12
sv19,s19,0.8,mvp-v1,2026-A,2026-01-01,,2026-10-02 14:33:12
sv2,s2,1.0,mvp-v1,2026-A,2026-01-01,,2026-10-02 14:03:34
sv20,s20,0.8,mvp-v1,2026-A,2026-01-01,,2026-10-02 14:33:12
sv21,s21,1.2,mvp-v1,2026-A,2026-01-01,,2026-10-02 15:59:05
sv22,s22,1.1,mvp-v1,2026-A,2026-01-01,,2026-10-02 15:59:05
sv23,s23,1.0,mvp-v1,2026-A,2026-01-01,,2026-10-02 15:59:05
sv24,s24,1.1,mvp-v1,2026-A,2026-01-01,,2026-10-02 15:59:05
sv25,s25,1.0,mvp-v1,2026-A,2026-01-01,,2026-10-03 00:00:00
sv26,s26,1.0,mvp-v1,2026-A,2026-01-01,,2026-10-03 00:00:00
sv27,s27,1.0,mvp-v1,2026-A,2026-01-01,,2026-10-03 00:00:00
sv28,s28,1.3,mvp-v1,2026-A,2026-01-01,,2026-10-02 16:55:15
sv29,s29,1.1,mvp-v1,2026-A,2026-01-01,,2026-10-02 16:55:15
sv3,s3,1.5,mvp-v1,2026-A,2026-01-01,,2026-10-02 14:03:34
sv30,s30,1.3,mvp-v1,2026-A,2026-01-01,,2026-10-02 16:55:15
sv31,s31,1.1,mvp-v1,2026-A,2026-01-01,,2026-10-02 16:55:15
sv32,s32,1.2,mvp-v1,2026-A,2026-01-01,,2026-10-02 16:55:15
sv33,s33,1.2,mvp-v1,2026-A,2026-01-01,,2026-10-02 16:55:15
sv34,s34,1.3,mvp-v1,2026-A,2026-01-01,,2026-10-02 16:55:15
sv35,s35,1.4,mvp-v1,2026-A,2026-01-01,,2026-10-02 16:55:15
sv36,s36,1.1,mvp-v1,2026-A,2026-01-01,,2026-10-02 16:55:15
sv37,s37,1.0,mvp-v1,2026-A,2026-01-01,,2026-10-02 16:55:15
sv38,s38,1.0,mvp-v1,2026-A,2026-01-01,,2026-10-02 16:55:15
sv39,s39,1.2,mvp-v1,2026-A,2026-01-01,,2026-10-02 16:55:15
sv4,s4,1.0,mvp-v1,2026-A,2026-01-01,,2026-10-02 14:03:34
sv40,s40,1.3,mvp-v1,2026-A,2026-01-01,,2026-10-02 16:55:15
sv41,s41,1.1,mvp-v1,2026-A,2026-01-01,,2026-10-02 16:55:15
sv42,s42,1.2,mvp-v1,2026-A,2026-01-01,,2026-10-02 16:55:15
sv43,s43,1.5,mvp-v1,2026-A,2026-01-01,,2026-10-02 16:55:15
sv44,s44,1.6,mvp-v1,2026-A,2026-01-01,,2026-10-02 16:55:15
sv45,s45,1.4,mvp-v1,2026-A,2026-01-01,,2026-10-02 16:55:15
sv46,s46,1.0,mvp-v1,2026-A,2026-01-01,,2026-10-02 16:55:15
sv47,s47,0.9,mvp-v1,2026-A,2026-01-01,,2026-10-02 16:55:15
sv48,s48,0.9,mvp-v1,2026-A,2026-01-01,,2026-10-02 16:55:15
sv49,s49,0.9,mvp-v1,2026-A,2026-01-01,,2026-10-02 16:55:15
sv5,s5,1.0,mvp-v1,2026-A,2026-01-01,,2026-10-02 14:03:34
sv50,s50,1.0,mvp-v1,2026-A,2026-01-01,,2026-10-02 16:55:15
sv6,s6,1.0,mvp-v1,2026-A,2026-01-01,,2026-10-02 14:03:34
sv7,s7,1.1,mvp-v1,2026-A,2026-01-01,,2026-10-02 14:03:34
sv8,s8,1.0,mvp-v1,2026-A,2026-01-01,,2026-10-02 14:03:34
sv9,s9,1.2,mvp-v1,2026-A,2026-01-01,,2026-10-02 14:03:34
