user_id,name,avatar_url,status,created_at,updated_at
u1,Alice,,Active,2026-09-01 12:00:00,2026-10-02 14:03:34
u10,Jack,,Active,2026-09-01 12:00:00,2026-10-02 14:03:34
u100,Zoe Ng,,Active,2026-07-16 21:00:00,2026-07-16 21:00:00
u101,Anika Cheung,,Active,2026-09-29 09:00:00,2026-09-29 09:00:00
u102,Victor Smith,,Active,2026-08-12 18:00:00,2026-08-12 18:00:00
u103,Oscar Lau,,Active,2026-09-24 13:00:00,2026-09-24 13:00:00
u104,Kelly Lin,,Active,2026-07-19 07:00:00,2026-07-19 07:00:00
u105,Maya Lam,,Active,2026-07-09 20:00:00,2026-07-09 20:00:00
u106,Quinn Ho,,Active,2026-08-14 17:00:00,2026-08-14 17:00:00
u107,Yasmin Ng,,Active,2026-08-23 09:00:00,2026-08-23 09:00:00
u108,Sam Garcia,,Active,2026-08-15 09:00:00,2026-08-15 09:00:00
u109,Ryan Lam,,Active,2026-07-07 06:00:00,2026-07-07 06:00:00
u11,Maya,,Active,2026-09-01 12:00:00,2026-10-02 14:33:12
u110,Sam Zhao,,Active,2026-07-28 10:00:00,2026-07-28 10:00:00
u111,Henry Smith,,Active,2026-08-23 03:00:00,2026-08-23 03:00:00
u112,Kai Cheung,,Active,2026-08-30 22:00:00,2026-08-30 22:00:00
u113,Mei Garcia,,Active,2026-09-04 11:00:00,2026-09-04 11:00:00
u114,Priya Patel,,Active,2026-09-07 23:00:00,2026-09-07 23:00:00
u115,Leo Chan,,Active,2026-07-21 01:00:00,2026-07-21 01:00:00
u116,Hana Smith,,Active,2026-09-13 15:00:00,2026-09-13 15:00:00
u117,Bella Lam,,Active,2026-07-30 19:00:00,2026-07-30 19:00:00
u118,Ava Lee,,Active,2026-08-16 03:00:00,2026-08-16 03:00:00
u119,Kelly Kim,,Active,2026-08-26 15:00:00,2026-08-26 15:00:00
u12,Leo,,Active,2026-09-01 12:00:00,2026-10-02 14:33:12
u120,Oscar Tan,,Active,2026-08-31 15:00:00,2026-08-31 15:00:00
u121,Hana Lin,,Active,2026-07-19 06:00:00,2026-07-19 06:00:00
u122,Wendy Tan,,Active,2026-09-14 21:00:00,2026-09-14 21:00:00
u123,Grace Ho,,Active,2026-07-19 18:00:00,2026-07-19 18:00:00
u124,Priya Lin,,Active,2026-07-04 19:00:00,2026-07-04 19:00:00
u125,Mateo Zhao,,Active,2026-09-07 14:00:00,2026-09-07 14:00:00
u126,Ben Zhao,,Active,2026-09-01 20:00:00,2026-09-01 20:00:00
u127,Oscar Chen,,Active,2026-08-16 01:00:00,2026-08-16 01:00:00
u128,Henry Lim,,Active,2026-09-21 17:00:00,2026-09-21 17:00:00
u129,Priya Ng,,Active,2026-09-22 04:00:00,2026-09-22 04:00:00
u13,Nina,,Active,2026-09-01 12:00:00,2026-10-02 14:33:12
u130,Xavier Park,,Active,2026-08-22 10:00:00,2026-08-22 10:00:00
u131,Oscar Park,,Active,2026-08-05 20:00:00,2026-08-05 20:00:00
u132,Kelly Smith,,Active,2026-08-11 17:00:00,2026-08-11 17:00:00
u133,Bella Park,,Active,2026-08-29 10:00:00,2026-08-29 10:00:00
u134,Sophia Lee,,Active,2026-08-10 23:00:00,2026-08-10 23:00:00
u135,Oscar Lam,,Active,2026-08-10 18:00:00,2026-08-10 18:00:00
u136,Kai Ng,,Active,2026-07-08 13:00:00,2026-07-08 13:00:00
u137,Sam Chen,,Active,2026-07-23 00:00:00,2026-07-23 00:00:00
u138,Sophia Lin,,Active,2026-09-17 12:00:00,2026-09-17 12:00:00
u139,Mei Lee,,Active,2026-08-01 10:00:00,2026-08-01 10:00:00
u14,Oscar,,Active,2026-09-01 12:00:00,2026-10-02 14:33:12
u140,Ethan Park,,Active,2026-07-14 22:00:00,2026-07-14 22:00:00
u141,Ava Smith,,Active,2026-07-04 15:00:00,2026-07-04 15:00:00
u142,Aria Wong,,Active,2026-09-12 12:00:00,2026-09-12 12:00:00
u143,Iris Chan,,Active,2026-09-13 17:00:00,2026-09-13 17:00:00
u144,Wendy Lee,,Active,2026-08-22 12:00:00,2026-08-22 12:00:00
u145,Victor Lau,,Active,2026-07-01 10:00:00,2026-07-01 10:00:00
u146,Anika Lim,,Active,2026-10-01 07:00:00,2026-10-01 07:00:00
u147,Quinn Kim,,Active,2026-07-26 07:00:00,2026-07-26 07:00:00
u148,Leo Ng,,Active,2026-09-20 02:00:00,2026-09-20 02:00:00
u149,Zoe Lim,,Active,2026-07-02 01:00:00,2026-07-02 01:00:00
u15,Priya,,Active,2026-09-01 12:00:00,2026-10-02 14:33:12
u150,Aria Zhao,,Active,2026-07-28 03:00:00,2026-07-28 03:00:00
u151,Grace Smith,,Active,2026-09-03 17:00:00,2026-09-03 17:00:00
u152,Tina Wong,,Active,2026-08-19 18:00:00,2026-08-19 18:00:00
u153,Jun Wong,,Active,2026-07-15 23:00:00,2026-07-15 23:00:00
u154,Daniel Smith,,Active,2026-07-08 17:00:00,2026-07-08 17:00:00
u155,Noah Kim,,Active,2026-08-23 07:00:00,2026-08-23 07:00:00
u156,Olivia Cheung,,Active,2026-07-29 05:00:00,2026-07-29 05:00:00
u157,Tina Smith,,Active,2026-08-25 10:00:00,2026-08-25 10:00:00
u158,Wendy Garcia,,Active,2026-08-18 08:00:00,2026-08-18 08:00:00
u159,Amelia Ng,,Active,2026-08-25 03:00:00,2026-08-25 03:00:00
u16,Quinn,,Active,2026-09-01 12:00:00,2026-10-02 14:33:12
u160,Lily Smith,,Active,2026-07-30 18:00:00,2026-07-30 18:00:00
u161,Iris Tse,,Active,2026-08-20 04:00:00,2026-08-20 04:00:00
u162,Aria Smith,,Active,2026-08-20 05:00:00,2026-08-20 05:00:00
u163,Zoe Ho,,Active,2026-08-31 21:00:00,2026-08-31 21:00:00
u164,Daniel Wong,,Active,2026-08-21 15:00:00,2026-08-21 15:00:00
u165,Daniel Ng,,Active,2026-09-01 05:00:00,2026-09-01 05:00:00
u166,Priya Zhao,,Active,2026-07-31 05:00:00,2026-07-31 05:00:00
u167,Oscar Kim,,Active,2026-08-01 23:00:00,2026-08-01 23:00:00
u168,Amelia Wong,,Active,2026-09-07 04:00:00,2026-09-07 04:00:00
u169,Sam Patel,,Active,2026-09-24 07:00:00,2026-09-24 07:00:00
u17,Rosa,,Active,2026-09-01 12:00:00,2026-10-02 14:33:12
u170,Jun Lau,,Active,2026-07-16 21:00:00,2026-07-16 21:00:00
u171,Chloe Tan,,Active,2026-07-23 01:00:00,2026-07-23 01:00:00
u172,Henry Chen,,Active,2026-09-08 22:00:00,2026-09-08 22:00:00
u173,Sam Lim,,Active,2026-08-23 02:00:00,2026-08-23 02:00:00
u174,Kai Lim,,Active,2026-07-27 12:00:00,2026-07-27 12:00:00
u175,Emma Patel,,Active,2026-09-28 17:00:00,2026-09-28 17:00:00
u176,Mei Lam,,Active,2026-07-02 05:00:00,2026-07-02 05:00:00
u177,Ryan Smith,,Active,2026-07-12 06:00:00,2026-07-12 06:00:00
u178,Tina Tse,,Active,2026-09-19 13:00:00,2026-09-19 13:00:00
u179,Victor Lam,,Active,2026-07-03 01:00:00,2026-07-03 01:00:00
u18,Sam,,Active,2026-09-01 12:00:00,2026-10-02 14:33:12
u180,Sophia Tan,,Active,2026-08-30 18:00:00,2026-08-30 18:00:00
u181,Noah Lau,,Active,2026-09-17 00:00:00,2026-09-17 00:00:00
u182,Henry Zhao,,Active,2026-08-27 05:00:00,2026-08-27 05:00:00
u183,Xavier Wong,,Active,2026-09-05 16:00:00,2026-09-05 16:00:00
u184,Ryan Cheung,,Active,2026-09-03 13:00:00,2026-09-03 13:00:00
u185,Aria Garcia,,Active,2026-08-02 20:00:00,2026-08-02 20:00:00
u186,Xavier Zhao,,Active,2026-07-31 16:00:00,2026-07-31 16:00:00
u187,Yasmin Ho,,Active,2026-08-03 03:00:00,2026-08-03 03:00:00
u188,Mei Tse,,Active,2026-08-22 15:00:00,2026-08-22 15:00:00
u189,Aria Chen,,Active,2026-09-27 05:00:00,2026-09-27 05:00:00
u19,Tina,,Active,2026-09-01 12:00:00,2026-10-02 14:33:12
u190,Ben Leung,,Active,2026-09-28 18:00:00,2026-09-28 18:00:00
u191,Yasmin Tse,,Active,2026-09-06 18:00:00,2026-09-06 18:00:00
u192,Wendy Zhao,,Active,2026-08-06 02:00:00,2026-08-06 02:00:00
u193,Daniel Lin,,Active,2026-09-18 23:00:00,2026-09-18 23:00:00
u194,Maya Zhao,,Active,2026-08-23 07:00:00,2026-08-23 07:00:00
u195,Fiona Wong,,Active,2026-08-27 18:00:00,2026-08-27 18:00:00
u196,Leo Lim,,Active,2026-08-09 05:00:00,2026-08-09 05:00:00
u197,Yasmin Garcia,,Active,2026-07-24 07:00:00,2026-07-24 07:00:00
u198,Priya Lee,,Active,2026-09-30 02:00:00,2026-09-30 02:00:00
u199,Mei Chan,,Active,2026-07-30 14:00:00,2026-07-30 14:00:00
u2,Bob,,Active,2026-09-01 12:00:00,2026-10-02 14:03:34
u20,Uma,,Active,2026-09-01 12:00:00,2026-10-02 14:33:12
u200,Daniel Chan,,Active,2026-07-31 13:00:00,2026-07-31 13:00:00
u201,Chloe Kim,,Active,2026-09-01 15:00:00,2026-09-01 15:00:00
u202,Leo Kim,,Active,2026-09-19 15:00:00,2026-09-19 15:00:00
u203,Tina Cheung,,Active,2026-08-19 23:00:00,2026-08-19 23:00:00
u204,Leo Lin,,Active,2026-09-02 19:00:00,2026-09-02 19:00:00
u205,Amelia Lam,,Active,2026-09-08 10:00:00,2026-09-08 10:00:00
u206,Anika Kim,,Active,2026-08-31 12:00:00,2026-08-31 12:00:00
u207,Mateo Chen,,Active,2026-07-30 13:00:00,2026-07-30 13:00:00
u208,Wendy Ho,,Active,2026-09-05 04:00:00,2026-09-05 04:00:00
u209,Iris Zhao,,Active,2026-07-22 12:00:00,2026-07-22 12:00:00
u21,Caleb,,Active,2026-10-02 15:59:05,2026-10-02 15:59:05
u210,Kai Garcia,,Active,2026-09-29 20:00:00,2026-09-29 20:00:00
u211,Daniel Tan,,Active,2026-09-29 16:00:00,2026-09-29 16:00:00
u212,Henry Garcia,,Active,2026-08-10 06:00:00,2026-08-10 06:00:00
u213,Zoe Tse,,Active,2026-10-02 09:00:00,2026-10-02 09:00:00
u214,Aaron Ng,,Active,2026-08-30 01:00:00,2026-08-30 01:00:00
u215,Maya Chen,,Active,2026-07-27 13:00:00,2026-07-27 13:00:00
u216,Victor Patel,,Deleted,2026-08-24 15:00:00,2026-08-24 15:00:00
u217,Ethan Leung,,Suspended,2026-10-01 15:00:00,2026-10-01 15:00:00
u218,Oscar Lee,,Active,2026-07-13 11:00:00,2026-07-13 11:00:00
u219,Sam Chan,,Active,2026-08-09 00:00:00,2026-08-09 00:00:00
u22,Diana,,Active,2026-10-02 15:59:05,2026-10-02 15:59:05
u220,Fiona Lee,,Active,2026-07-10 09:00:00,2026-07-10 09:00:00
u221,Xavier Leung,,Active,2026-09-11 17:00:00,2026-09-11 17:00:00
u222,Henry Patel,,Active,2026-07-30 02:00:00,2026-07-30 02:00:00
u223,Wendy Wong,,Active,2026-09-02 21:00:00,2026-09-02 21:00:00
u224,Aaron Chen,,Active,2026-07-09 05:00:00,2026-07-09 05:00:00
u225,Olivia Ho,,Active,2026-08-23 18:00:00,2026-08-23 18:00:00
u226,Amelia Chan,,Active,2026-09-02 07:00:00,2026-09-02 07:00:00
u227,Quinn Leung,,Active,2026-09-11 08:00:00,2026-09-11 08:00:00
u228,Wendy Park,,Active,2026-09-25 18:00:00,2026-09-25 18:00:00
u229,Ryan Garcia,,Active,2026-07-03 22:00:00,2026-07-03 22:00:00
u23,Emma,,Active,2026-10-02 15:59:05,2026-10-02 15:59:05
u230,Ryan Tan,,Active,2026-09-28 08:00:00,2026-09-28 08:00:00
u231,Victor Garcia,,Active,2026-07-30 13:00:00,2026-07-30 13:00:00
u232,Anika Chan,,Active,2026-08-09 15:00:00,2026-08-09 15:00:00
u233,Chloe Tse,,Active,2026-09-16 13:00:00,2026-09-16 13:00:00
u234,Grace Lee,,Suspended,2026-07-01 00:00:00,2026-07-01 00:00:00
u235,Ben Ho,,Suspended,2026-07-18 22:00:00,2026-07-18 22:00:00
u236,Mei Tan,,Active,2026-07-29 07:00:00,2026-07-29 07:00:00
u237,Chloe Lin,,Active,2026-07-10 19:00:00,2026-07-10 19:00:00
u238,Lily Garcia,,Active,2026-07-07 10:00:00,2026-07-07 10:00:00
u239,Ethan Garcia,,Active,2026-09-04 11:00:00,2026-09-04 11:00:00
u24,Felix,,Active,2026-10-02 15:59:05,2026-10-02 15:59:05
u240,Lily Chan,,Active,2026-08-02 19:00:00,2026-08-02 19:00:00
u241,Sam Lin,,Active,2026-07-07 21:00:00,2026-07-07 21:00:00
u242,Anika Smith,,Active,2026-07-15 09:00:00,2026-07-15 09:00:00
u243,Jason Garcia,,Active,2026-07-06 02:00:00,2026-07-06 02:00:00
u244,Yasmin Lam,,Active,2026-07-29 05:00:00,2026-07-29 05:00:00
u245,Jun Garcia,,Suspended,2026-07-02 01:00:00,2026-07-02 01:00:00
u246,Jun Patel,,Active,2026-08-04 20:00:00,2026-08-04 20:00:00
u247,Grace Park,,Active,2026-07-03 22:00:00,2026-07-03 22:00:00
u248,Zoe Kim,,Active,2026-08-06 21:00:00,2026-08-06 21:00:00
u249,Ben Ng,,Active,2026-09-25 14:00:00,2026-09-25 14:00:00
u25,Gina,,Active,2026-10-02 15:59:05,2026-10-02 15:59:05
u250,Tina Kim,,Active,2026-09-12 02:00:00,2026-09-12 02:00:00
u251,Leo Zhao,,Active,2026-09-16 11:00:00,2026-09-16 11:00:00
u252,Iris Lim,,Active,2026-07-23 08:00:00,2026-07-23 08:00:00
u253,Lily Park,,Active,2026-08-13 07:00:00,2026-08-13 07:00:00
u254,Emma Cheung,,Active,2026-07-09 16:00:00,2026-07-09 16:00:00
u255,Wendy Leung,,Active,2026-07-21 08:00:00,2026-07-21 08:00:00
u256,Wendy Tse,,Active,2026-07-31 11:00:00,2026-07-31 11:00:00
u257,Ryan Wong,,Suspended,2026-07-23 00:00:00,2026-07-23 00:00:00
u258,Tina Chen,,Active,2026-09-05 03:00:00,2026-09-05 03:00:00
u259,Fiona Lim,,Active,2026-07-31 22:00:00,2026-07-31 22:00:00
u26,Hugo,,Active,2026-10-02 15:59:05,2026-10-02 15:59:05
u260,Chloe Lim,,Active,2026-07-05 17:00:00,2026-07-05 17:00:00
u261,Ben Lin,,Active,2026-08-11 10:00:00,2026-08-11 10:00:00
u262,Aria Cheung,,Active,2026-09-29 22:00:00,2026-09-29 22:00:00
u263,Aria Lam,,Active,2026-07-01 22:00:00,2026-07-01 22:00:00
u264,Victor Tse,,Active,2026-08-28 18:00:00,2026-08-28 18:00:00
u265,Priya Lam,,Active,2026-07-23 13:00:00,2026-07-23 13:00:00
u266,Wendy Lin,,Active,2026-07-02 23:00:00,2026-07-02 23:00:00
u267,Anika Wong,,Active,2026-08-14 15:00:00,2026-08-14 15:00:00
u268,Victor Kim,,Active,2026-07-18 21:00:00,2026-07-18 21:00:00
u269,Mei Chen,,Active,2026-08-12 16:00:00,2026-08-12 16:00:00
u27,Iris,,Active,2026-10-02 15:59:05,2026-10-02 15:59:05
u270,Sam Tan,,Active,2026-09-24 11:00:00,2026-09-24 11:00:00
u271,Jason Lee,,Active,2026-07-03 20:00:00,2026-07-03 20:00:00
u272,Leo Smith,,Active,2026-07-30 21:00:00,2026-07-30 21:00:00
u273,Jason Park,,Active,2026-07-28 17:00:00,2026-07-28 17:00:00
u274,Mateo Kim,,Active,2026-07-13 12:00:00,2026-07-13 12:00:00
u275,Ava Cheung,,Active,2026-07-03 17:00:00,2026-07-03 17:00:00
u276,Hana Lau,,Active,2026-09-26 23:00:00,2026-09-26 23:00:00
u277,Ava Tan,,Active,2026-07-03 20:00:00,2026-07-03 20:00:00
u278,Emma Lee,,Active,2026-07-03 22:00:00,2026-07-03 22:00:00
u279,Zoe Smith,,Suspended,2026-07-03 08:00:00,2026-07-03 08:00:00
u28,Jonah,,Active,2026-10-02 15:59:05,2026-10-02 15:59:05
u280,Ryan Zhao,,Deleted,2026-07-27 05:00:00,2026-07-27 05:00:00
u281,Maya Smith,,Suspended,2026-08-29 13:00:00,2026-08-29 13:00:00
u282,Ava Garcia,,Active,2026-09-23 04:00:00,2026-09-23 04:00:00
u283,Leo Tan,,Active,2026-08-18 07:00:00,2026-08-18 07:00:00
u284,Oscar Zhao,,Suspended,2026-09-12 11:00:00,2026-09-12 11:00:00
u285,Henry Kim,,Active,2026-08-09 17:00:00,2026-08-09 17:00:00
u286,Maya Park,,Active,2026-07-16 10:00:00,2026-07-16 10:00:00
u287,Xavier Lee,,Active,2026-07-02 12:00:00,2026-07-02 12:00:00
u288,Ryan Park,,Active,2026-08-09 11:00:00,2026-08-09 11:00:00
u289,Kelly Garcia,,Active,2026-08-15 00:00:00,2026-08-15 00:00:00
u29,Kai,,Active,2026-10-02 15:59:05,2026-10-02 15:59:05
u290,Hana Leung,,Active,2026-09-12 07:00:00,2026-09-12 07:00:00
u291,Kelly Lee,,Active,2026-08-25 04:00:00,2026-08-25 04:00:00
u292,Quinn Lin,,Active,2026-09-25 08:00:00,2026-09-25 08:00:00
u293,Jun Smith,,Active,2026-07-26 05:00:00,2026-07-26 05:00:00
u294,Noah Park,,Active,2026-07-02 05:00:00,2026-07-02 05:00:00
u295,Fiona Leung,,Active,2026-09-21 09:00:00,2026-09-21 09:00:00
u296,Maya Ng,,Active,2026-07-03 16:00:00,2026-07-03 16:00:00
u297,Daniel Lee,,Active,2026-09-24 18:00:00,2026-09-24 18:00:00
u298,Zoe Tan,,Active,2026-08-11 21:00:00,2026-08-11 21:00:00
u299,Ben Park,,Active,2026-08-28 05:00:00,2026-08-28 05:00:00
u3,Carol,,Active,2026-09-01 12:00:00,2026-10-02 14:03:34
u30,Lina,,Active,2026-10-02 15:59:05,2026-10-02 15:59:05
u300,Priya Chen,,Active,2026-07-07 06:00:00,2026-07-07 06:00:00
u31,Mona,,Suspended,2026-10-02 15:59:05,2026-10-02 15:59:05
u32,Noah,,Active,2026-10-02 15:59:05,2026-10-02 15:59:05
u33,Zoe,,Active,2026-10-03 00:00:00,2026-10-03 00:00:00
u34,Yan,,Active,2026-10-03 00:00:00,2026-10-03 00:00:00
u35,Wei,,Active,2026-10-03 00:00:00,2026-10-03 00:00:00
u36,Ryan Lim,,Active,2026-07-16 10:00:00,2026-07-16 10:00:00
u37,Hana Ho,,Active,2026-08-11 16:00:00,2026-08-11 16:00:00
u38,Priya Cheung,,Active,2026-07-31 10:00:00,2026-07-31 10:00:00
u39,Bella Tse,,Active,2026-07-24 17:00:00,2026-07-24 17:00:00
u4,David,,Active,2026-09-01 12:00:00,2026-10-02 14:03:34
u40,Grace Wong,,Active,2026-07-09 17:00:00,2026-07-09 17:00:00
u41,Victor Lee,,Active,2026-08-01 03:00:00,2026-08-01 03:00:00
u42,Ben Patel,,Active,2026-09-25 05:00:00,2026-09-25 05:00:00
u43,Wendy Chen,,Active,2026-07-05 17:00:00,2026-07-05 17:00:00
u44,Chloe Smith,,Active,2026-08-13 12:00:00,2026-08-13 12:00:00
u45,Ava Wong,,Active,2026-08-12 23:00:00,2026-08-12 23:00:00
u46,Noah Lim,,Active,2026-07-24 04:00:00,2026-07-24 04:00:00
u47,Oscar Lin,,Active,2026-07-08 01:00:00,2026-07-08 01:00:00
u48,Mateo Wong,,Active,2026-08-07 20:00:00,2026-08-07 20:00:00
u49,Kelly Ho,,Active,2026-07-03 05:00:00,2026-07-03 05:00:00
u5,Eve,,Active,2026-09-01 12:00:00,2026-10-02 14:03:34
u50,Zoe Leung,,Active,2026-08-26 03:00:00,2026-08-26 03:00:00
u51,Jason Tan,,Active,2026-09-12 22:00:00,2026-09-12 22:00:00
u52,Jason Tse,,Active,2026-07-04 22:00:00,2026-07-04 22:00:00
u53,Grace Chen,,Active,2026-09-06 02:00:00,2026-09-06 02:00:00
u54,Olivia Ng,,Active,2026-07-16 03:00:00,2026-07-16 03:00:00
u55,Chloe Patel,,Active,2026-08-01 09:00:00,2026-08-01 09:00:00
u56,Lily Lam,,Active,2026-08-18 17:00:00,2026-08-18 17:00:00
u57,Oscar Leung,,Active,2026-07-25 23:00:00,2026-07-25 23:00:00
u58,Anika Lam,,Active,2026-07-04 00:00:00,2026-07-04 00:00:00
u59,Hana Park,,Active,2026-09-19 12:00:00,2026-09-19 12:00:00
u6,Frank,,Active,2026-09-01 12:00:00,2026-10-02 14:03:34
u60,Oscar Cheung,,Active,2026-08-27 02:00:00,2026-08-27 02:00:00
u61,Kai Park,,Active,2026-07-30 20:00:00,2026-07-30 20:00:00
u62,Ben Lau,,Active,2026-09-02 08:00:00,2026-09-02 08:00:00
u63,Quinn Lau,,Active,2026-08-09 09:00:00,2026-08-09 09:00:00
u64,Hana Cheung,,Active,2026-07-08 07:00:00,2026-07-08 07:00:00
u65,Kai Lau,,Active,2026-08-06 06:00:00,2026-08-06 06:00:00
u66,Quinn Wong,,Active,2026-08-27 23:00:00,2026-08-27 23:00:00
u67,Sam Lam,,Active,2026-07-04 07:00:00,2026-07-04 07:00:00
u68,Bella Patel,,Active,2026-08-10 19:00:00,2026-08-10 19:00:00
u69,Priya Park,,Active,2026-09-12 05:00:00,2026-09-12 05:00:00
u7,Grace,,Active,2026-09-01 12:00:00,2026-10-02 14:03:34
u70,Maya Tan,,Active,2026-08-19 04:00:00,2026-08-19 04:00:00
u71,Xavier Chen,,Active,2026-07-18 02:00:00,2026-07-18 02:00:00
u72,Fiona Ng,,Active,2026-09-25 16:00:00,2026-09-25 16:00:00
u73,Iris Chen,,Active,2026-08-18 19:00:00,2026-08-18 19:00:00
u74,Wendy Kim,,Active,2026-07-30 23:00:00,2026-07-30 23:00:00
u75,Jun Lee,,Active,2026-07-31 20:00:00,2026-07-31 20:00:00
u76,Aaron Wong,,Active,2026-09-22 06:00:00,2026-09-22 06:00:00
u77,Noah Patel,,Active,2026-07-15 02:00:00,2026-07-15 02:00:00
u78,Mei Kim,,Active,2026-08-29 21:00:00,2026-08-29 21:00:00
u79,Quinn Lee,,Active,2026-07-26 08:00:00,2026-07-26 08:00:00
u8,Henry,,Active,2026-09-01 12:00:00,2026-10-02 14:03:34
u80,Chloe Wong,,Active,2026-08-28 00:00:00,2026-08-28 00:00:00
u81,Xavier Lin,,Active,2026-07-22 22:00:00,2026-07-22 22:00:00
u82,Kai Tse,,Active,2026-07-13 01:00:00,2026-07-13 01:00:00
u83,Kai Lam,,Active,2026-08-02 09:00:00,2026-08-02 09:00:00
u84,Mateo Cheung,,Active,2026-09-26 09:00:00,2026-09-26 09:00:00
u85,Mei Park,,Active,2026-07-05 14:00:00,2026-07-05 14:00:00
u86,Tina Garcia,,Active,2026-07-04 15:00:00,2026-07-04 15:00:00
u87,Mateo Lau,,Active,2026-07-06 03:00:00,2026-07-06 03:00:00
u88,Olivia Lee,,Active,2026-08-14 18:00:00,2026-08-14 18:00:00
u89,Maya Lin,,Active,2026-09-24 16:00:00,2026-09-24 16:00:00
u9,Ivy,,Active,2026-09-01 12:00:00,2026-10-02 14:03:34
u90,Jason Wong,,Active,2026-08-09 00:00:00,2026-08-09 00:00:00
u91,Aaron Lau,,Active,2026-08-16 15:00:00,2026-08-16 15:00:00
u92,Mateo Tan,,Active,2026-07-19 17:00:00,2026-07-19 17:00:00
u93,Grace Zhao,,Active,2026-08-21 08:00:00,2026-08-21 08:00:00
u94,Oscar Patel,,Active,2026-09-14 17:00:00,2026-09-14 17:00:00
u95,Iris Wong,,Active,2026-07-21 06:00:00,2026-07-21 06:00:00
u96,Emma Chan,,Active,2026-09-27 14:00:00,2026-09-27 14:00:00
u97,Kelly Chan,,Active,2026-07-22 07:00:00,2026-07-22 07:00:00
u98,Sophia Zhao,,Active,2026-08-18 14:00:00,2026-08-18 14:00:00
u99,Iris Garcia,,Active,2026-09-03 08:00:00,2026-09-03 08:00:00
